Chromosome,Start,ReferenceAlleleVCF,AlternateAlleleVCF,ClinicalSignificance,label,seq101
22,41320486,G,T,Pathogenic,1,CCCTTGAGGGTACCACACAATCTAGGAGTCCAGGGGGCCATGGGGGTGGAGGACACTGGCCTGAGGGTGGTCATCGCCCTCAGGGACACGCCTCCCGACAT
22,40924482,G,T,Pathogenic,1,GCCCCGTTCCCTCCCTCTGCAGCCTGGGATGGTAATCACAATTGAGCCCGGTAAGGAGAGGTGTTACAATAGTAGTATGAGGTAAATGTTTGTTTGTTTGT
22,31011610,G,C,Benign,0,TCTCAAAAGAAGACATTTATACAGCCAAAAAACACATGAAAAAATGCTCAACATCACTGGCCATCAGAGAAATGCAAATCAAAACCACAATGAGATACCAT
22,30615623,G,C,Benign,0,TCTCTCTCTTCCTCACTCTATCACCAGTTCCTCATGACTTCCCCCATGCGTGGGGCAGAACTGGGAACAGCATGTCTCAAGGCGAGGGTTGCTTTGCTGGC
22,31009031,T,G,Pathogenic,1,TGGGTTCAGGTGATTCTCCTGTCTCGGCCCCCCGAGTAGCTGGGACTATAGGCACGCACCACCATGCCGGGCTATTTTTTTGTATTTTTTAGTAGAGGCGG
22,30613044,T,G,Pathogenic,1,TGGTCTCACAGCTCAAATGGTTCCTGGAGGATGAGAAGAGAGCCATTGGTGAGCAGACACCATCCGCTGGGGGTGGGGAGCAGCTGGGAGGGCTCATCAGA
22,31011112,A,T,Pathogenic,1,AACTATCTGATCTTTGACAAACCTGAGAAAAACAAGCAATGGGGAAAGGATTCCCTATCTAATAAATGGTGCTGGGAAAACTGGCTAGCCATATGTAGAAA
22,30615125,A,T,Pathogenic,1,AGAAATGAGCAGTTTCCTGGGACACAGGATTTTCAGAGTCCAGACAAGGAAAGTCTTGGGCAGACCAGGTTGAGTTGGTGCCCTTAGCTGATCTGACCATG
22,43024239,A,G,Pathogenic,1,GCCTCCTGGGTAGCTGGGATTACAGGTGCCTGCCACCATGCCCGGCTCATTTTTTATATTTTTGGTAGAGAGGGGGTTTCACCATGTTGGCCAGGCTGGTC
22,42628233,A,G,Pathogenic,1,CCCCGGAACTCAATGGTGTCTCCAATCTGCATGCTCTCCAGGTACTGAGACATCTTCCCTCCAGCGGGAAACTTGGGATGGGTGTCCTTGAAGTAAACCTG
22,43024175,A,G,Pathogenic,1,TCTGTCACCCAGGCTGGAGTGCAGTGGCACAATCTCAGCTCACTGCAACCTCCCTCCTGCTTCAGCCTCCTGGGTAGCTGGGATTACAGGTGCCTGCCACC
22,42628169,A,G,Pathogenic,1,CCGTGTAACCAAGGGATTCCGACCCGAATCACCTTTGCCCTGGTAGACCAGCAGCCCACTGGGGCCCCGGAACTCAATGGTGTCTCCAATCTGCATGCTCT
22,43015952,C,A,Pathogenic,1,GGTAACTTGCTGGGGGTGATGTGGAGTAAAGAGAGTAAATGGCAGAGCCAGGATTAGAAACCCAGGTCAGCCCAACCCTTGAGAATAATAATGATGACTGT
22,42619946,C,A,Pathogenic,1,TGGTCCCGGATCATCTCCTCATTCACGAAGCCCTGGCCGTAGTCCCAGGCTGTGGGGTGAGAGACCAGGTAAGCTGACGTGTGGCTGTGTGGTCACCAACC
22,43024150,C,G,Pathogenic,1,TTTTTTTTTTTTTTGAGACAGAGTCTCTGTCACCCAGGCTGGAGTGCAGTGGCACAATCTCAGCTCACTGCAACCTCCCTCCTGCTTCAGCCTCCTGGGTA
22,42628144,C,G,Pathogenic,1,CAAGCTCTCCAATTCTCTGAGCCTGCCGTGTAACCAAGGGATTCCGACCCGAATCACCTTTGCCCTGGTAGACCAGCAGCCCACTGGGGCCCCGGAACTCA
22,43019873,G,A,Pathogenic,1,ACTGCCCAGGTGCCCTGAATTGGGATCAATCCATTCTTTTTTTTTTTTTTTTTTTTTTGAGACGGAGTCTCACTCAGTCGCCGAGGCTGGAGTGCAGTGGC
22,42623867,G,A,Pathogenic,1,AGCTTGAAGCGTGCAGAATGTTTGTTCCTGAGTTCCTCCAGCTCAGGTCGCAGCAGGATGTCCTTCTCGGTCTGCAGGGGACAGGGCCAGGCAGTCAGGAA
22,43023333,A,G,Pathogenic,1,GCCCCAAGGGGAGTTGGAGCCAAGGGGTGCTGCCTACCAGGAATGGACATGTCTCTGGGGAGCTGACTTTCGGCTTCAGCTAGCACCCAGTCCACCGGCGT
22,42627327,A,G,Pathogenic,1,TCCCCATCATGGGGATGCCCACTGACCTGGTTGGCAAAGAGCAGGTGGCACACAGTGTGGTCATCAGGGTCCTTCATGATGGCGCGGATCACCTGCAGCAT
22,43024271,G,C,Benign,0,CCACCATGCCCGGCTCATTTTTTATATTTTTGGTAGAGAGGGGGTTTCACCATGTTGGCCAGGCTGGTCTCAATCTCCTGACCTCAAGTGATCTGCCCGCT
22,42628265,G,C,Benign,0,GCTCTCCAGGTACTGAGACATCTTCCCTCCAGCGGGAAACTTGGGATGGGTGTCCTTGAAGTAAACCTGCAAGACACCCCCGCAGCCCTCAGTCCCCAGCT
22,43026992,G,A,Pathogenic,1,CCTGAGTAGCTGGGATTACAGGCACCCACCACCACGCCCGGCCCATTTTTATACTTTTTGTAGAGACAGGTTTTCGCCATGTTGGCCAGGCTGGTCTCAAA
22,42630986,G,A,Pathogenic,1,GGCCGGACGACCAGGTTTCCATCAATTCGAGCCGAGAGGTAGATGTGCTGGCCTGCAGGACAGAACGGGGTCACTCTGGGCCAGAGATCATCCTGCGGGTG
22,43023680,G,A,Pathogenic,1,TCTCTGAGTCTGGGCCACAGATGGCAGGTCCAAGCTGGCATGGGTGACTGATGGTTGTAAGTCATCTGGCCCAGAGCTGTGCGCAGCACGAGGCAGATGCT
22,42627674,G,A,Pathogenic,1,CCCACAGACTTCACTGTCCTGATGATAGGGTTGGACTTTTTGTCAGGTCGGATGGCGAACTTCCCTGGGGAGAGAGAAGGGGTGAGGCCCGGCCATCAAAC
22,43023332,C,T,Pathogenic,1,TGCCCCAAGGGGAGTTGGAGCCAAGGGGTGCTGCCTACCAGGAATGGACATGTCTCTGGGGAGCTGACTTTCGGCTTCAGCTAGCACCCAGTCCACCGGCG
22,42627326,C,T,Pathogenic,1,TTCCCCATCATGGGGATGCCCACTGACCTGGTTGGCAAAGAGCAGGTGGCACACAGTGTGGTCATCAGGGTCCTTCATGATGGCGCGGATCACCTGCAGCA
22,46733822,T,C,Pathogenic,1,GGCTAACGCCTGTAATCCCAACACTTTGGGAGGCCGAGGCAGGCAGATCATCTGAGGTCAGGAGTTCGAGACTAGCCTGGCCAACATGGTGAAACCCTGTC
22,46337925,T,C,Pathogenic,1,TTGCCAGATCTTAGACATCCCTTTCCATCAAGTGTCCTACGTAAAGGAGTATTGGAATGATGTGTTCAGGTGAGTGCGGGTCACAGCACAAAGGAAGCTTC
22,46749706,G,A,Pathogenic,1,CGTGTGGAGTCACCCAGCCTTCTCCCCCATTCAATACGGATCCCAGACATTTGTGGGATACTTGCATCTCCCTATAGCACTTTCCCATGTATCGTCTCATC
22,46353809,G,A,Pathogenic,1,TCTGTAGGTTGGTTCCTGTATACCTTGGGCCAGAGAGCAAACATAGGTGGCCTGAGAGAGCCCTGGTACGTGGTGGAGAAGGACAGCGTCAAGGGTGACGT
22,46731663,T,A,Pathogenic,1,GTGAGGCTGAGGATAGAGGAAAACATGTCAGGCAGGGAGGGCAGAGGGCACCTGGGGAGGCACAGGGCATGCGGGAGATAATGACGGCTGGGCTGGTGAGC
22,46335766,T,A,Pathogenic,1,GCGCGGAAGCGGCGGTAGCTGCAGCTGGCGAAGTTGGGCGACTGGCGGATGCAGGCCTTGCGGCACGTCGTGTGCGCCCTGTCCGGCGGCGTGGACAGCGC
22,37469571,C,T,Pathogenic,1,CGGGACACAGATGAGGGAGGCAGGAGTGGGCGGCCCAGCGCTTGAGCCCCAGGGGAATGACTGAGAGACATTAGCCAGGGCCAACGGCCAGACCCCACCCA
22,37073531,C,T,Pathogenic,1,CCTAGACTGCCTTTGGTGTCCCTCCAGACACTCGGCTAGGCCTGCCCTACCTTCCTGGCACTGCTCTTCGTCGCTGCCGTTGAGACAATCAGGCTGCCCAT
22,37465112,C,G,Pathogenic,1,ATTTTCAGTAGAGACAGGGTTTCTCCATGTTGGCCAGGCTGGTCTGGAACTCCTGACCTCAGGTGATCCGCCCACCTTGGCCTCCCAAAGTGCTGGGATTA
22,37069072,C,G,Pathogenic,1,AGATCCGCACGGTCTCCCTCCGCCTCCCGCCGCAAGTCCCCGCTGCTCACCGCCCTCGCGCAAGGCGCCCCAGCCCGTAATCCAGCAGTGCAGGCCGGGCT
22,37480379,A,C,Pathogenic,1,TGCCCAGGTCCCCCCTTCAGAGCCCTGAACACAGAATACAGAGCAAGGCTGGGCAACAGGGAGTCTGGAGCAGCCCACCCACTCCCATTTTACACATGGTA
22,37084339,A,C,Pathogenic,1,GGTACCTCCTGTTCTGGATCGTCCACTGGCCCTGGGTGCACGGCAAATCATACTTCTGCCTCCTCAGTGCATAGGCATCAAACCAGAGGGCCAAGCCGTAG
22,37494466,G,T,Pathogenic,1,GGAAGCCAGCCCGTCTGAGCCTGGTGGAGGAGCCTTAGGTATACCCCCCAAGCTACAGATGGGGAGACTGAGGCCCAGAGACCAAGAGGAACCAAATGTCA
22,37098426,G,T,Pathogenic,1,CCATATTCCCTCCCTCTCATCCCCCAGATCCTTTCCTACCATCTTCTGGGCTTTGGCGGTTTCACTGCGGAAGGCACTAGATTCCCGGCGGGTAAGATCCT
22,38119602,C,T,Pathogenic,1,TAGGCTGGGCATGGTGGCTGATGCCTGTAATGGGAAACCAAGGCGGGAGGATCGCCTCAGCTCAGGAGTTCAAGACTAGCCTGGACAACATGGTGAAACCC
22,37723595,C,T,Pathogenic,1,CAGGGCCTCATCTACACAGTGGAACACCCCCAGAGCTTCCTCTCCCTCACGAAGCACCCAACTGGATAACCCCAGAACCTCTTCTACCCAGCAGGACAACC
22,38120304,C,T,Pathogenic,1,TAAAGGTAAGACTGAAGCCCTCTGATTATAACCTAGTAGTCCGATCCTGGGAGCGAGTGCTGTCTGAAATGTGAGAAAATGTTTAGCCGTGTCATTTGAAA
22,37724297,C,T,Pathogenic,1,CTCCTCTCCCAATAGAGCCACACGAGACAACCCCAGAACATCCTGTGCCCAGCGGGACAATCCCAGAGCCTCCTCTCCCAATAGAGCTACACGAGACAACC
22,38119452,C,T,Pathogenic,1,TTTCACCCTCATACAAAAATCAATTCCAGGTTGATAAAAGACCTCAATGTAAAAGGCAGATCTAGAGAGCTTTCCAGCTCGACACAGGAGAATCGTGTGCT
22,37723445,C,T,Pathogenic,1,TCCCCATCGAATCACCCAAAGGGACACCTCCAGGGCCTCATCCACCCAACAGGAAATCTCCAGGGCCTCATCCACCCAACAGGAAACCTCCAGGGCCTCAT
22,38120925,C,T,Pathogenic,1,AAGTACATGCCGCGCATGTAGGCCATGGACTTACCTAGGAACAAAGGGGTCAGAGGCGGGGAGATGCAGCGGCCACACGCAGGGCTCCCGTAGAACAGCCT
22,37724918,C,T,Pathogenic,1,CTGTACCCGACAGGACAATCCCAGGACCTCCTCTCCCAATAGAGCCACACGAGACAACCCCAGAACATCCTGTGCCCAGCGGGACAATCTCAGAGCCTCCT
22,38121912,C,T,Pathogenic,1,GAGGCTGGGGTAGAGAGCTGGGCACACTGCTGGAGACCCAGTCCTGACTGCCCAATTCACTGGCTGATCCTCTCTGGTTCTCAGTTTCCCCATCTGCTCAC
22,37725905,C,T,Pathogenic,1,CCCCCAACACGAGCCCCTTCAGCTCCCTGCACCTGTGTGTATTGGGTACCGAGATGCACCCCGGGCCTCCTCCCCACCACGCCAGGCCCCAGAGCCTTCCC
22,18562701,C,T,Pathogenic,1,TTTTTTTTTTTTTTGAGACAGAGTTTTCCTCTTGTTGCCCAGGCTAGAGTGCCATGGTGCAATCTCGGCTCACCGCAACCTCCGCCTCCCGGGTTCAAGCG
22,18079935,C,T,Pathogenic,1,GAAGTGCTCCCTGTGTGTTGTGGGGATCCAGGCCCTGGCAGAAATGGATCGGTGGCAAGAAGTCCTCTCCTGGGTCCTTCAGTATTACCAGGTCCCTGAAA
22,18561373,G,T,Pathogenic,1,CACCATGTTGGCCAGGCTGGTCTCCAACTCCTGGCCTCAAGTGATCTGCCCATCTCAGCCTCCCAAAGTACTGAGATTACAGGCATAAGCCACCGCACCTG
22,18078607,G,T,Pathogenic,1,CCTGGCAGAGTCTGGCCAACCACGCCGTGGCAGAGGAACCCGCGGGCACGTACGTGCTGGGCTCGGAAATGAACCGATTTCCGGGCGCTCTTGTGGTGGGG
22,40761004,T,C,Pathogenic,1,ACACAAAATTAGCCAGGCGTGGTGGCGGGTGCCTGTAGTCCCAGCTACTCGGGAGGCTGAGGCAGGATAATGGCGTGAACCCAGGAGGCGGAGCTTGCAGT
22,40365000,T,C,Pathogenic,1,TGACCTCATAGAGCGTATCCAGGTTGATGCCTACTTCAGTCCCATTCACTCCCAGTTGGATCATTTACTGGATCCTTCTTCTTTCACTGGTCGTGCCTCCC
22,40760969,G,A,Pathogenic,1,GGCTAACACGGTGAAATCCCCTCTCTACTAAAAATACACAAAATTAGCCAGGCGTGGTGGCGGGTGCCTGTAGTCCCAGCTACTCGGGAGGCTGAGGCAGG
22,40364965,G,A,Pathogenic,1,GCAGCTTCTGTGGTTAAGCAGGAAGGGGGTGACAATGACCTCATAGAGCGTATCCAGGTTGATGCCTACTTCAGTCCCATTCACTCCCAGTTGGATCATTT
22,40745980,C,G,Pathogenic,1,GGGGCTCCTCATATCCCAGACGATGGGTGGCCAAGCAGAGACGCTCCTCACTTCCCAGACGGGGTGGCGGCCGGGCAGAGGCTGCAATCTCGGCTCTTTGG
22,40349976,C,G,Pathogenic,1,TTTACGACATGATGTGATGGCTCACGTGCACACATTTGGCCACTGCTGTCCAAAAGCTGCAGGCATTATTCACCTTGGTGCTACTTCTTGCTATGTTGGAG
22,40760956,G,T,Pathogenic,1,TTGAGACCATCCTGGCTAACACGGTGAAATCCCCTCTCTACTAAAAATACACAAAATTAGCCAGGCGTGGTGGCGGGTGCCTGTAGTCCCAGCTACTCGGG
22,40364952,G,T,Pathogenic,1,GCTTTCTCAGCAGGCAGCTTCTGTGGTTAAGCAGGAAGGGGGTGACAATGACCTCATAGAGCGTATCCAGGTTGATGCCTACTTCAGTCCCATTCACTCCC
22,40755283,T,C,Pathogenic,1,GGTTTCACCATGTTAGCCAAATCTCCTGACCTCATGATCCACCTGCCTTGGCTTCCCAAAGTGCTGGGATTACAGGCATGAGCCACCATGCCCGGCCTTCT
22,40359279,T,C,Pathogenic,1,TATTATAAGGATGTGTCTTTTCTTTCCAAGGTAGAGCAGCTTGACAAGATGGTGACAGAAAAGGCAGGATTTAAGAGGTAGGTAAATGGGAATGTGTTGGC
22,50627165,C,T,Pathogenic,1,GGGGGACTTTGGGAGGTGGGAGGGTGGCTGAGGGCCCGGGTGGTTCCTACCTGGTCGTGGGAGTACGGGATGCCTAGAAATCGATGGAAGCCCTGATGGGG
22,50625392,G,A,Pathogenic,1,CAGCAGGTTGTAGTTCTCACCAGGGTCCTTGGACAGGTCATAGAGCAGCGGGGGCTCATGAGCAGTCAGAGAGCTGGAGGCGTGGCAGGCAGGGTCTGCAG
22,50625578,C,T,Pathogenic,1,CCGGGGAGGGGTCAGCAGGTCGGGGGGAGGGATCCACGGGGAGGGGTTACCCTGGGTGAAGAAGTGAGCCTTGTACTTTCCAGTCCGCACAGCAAAAACCC
22,50627368,C,T,Pathogenic,1,CAGGGGCAGGCCCCCCCGGGAGCTGGGCACCAGGACGCCAGGGTACATGCCCATCCGAACCGGGAGCCGGCCGGTCAGGAGGGCGGCCCTGCGGGACAAGT
22,50627218,G,A,Pathogenic,1,GTCGTGGGAGTACGGGATGCCTAGAAATCGATGGAAGCCCTGATGGGGGGGCAGGAAGGCCCCCTCAGGCCCCACCCCAAGGTGCCACTTGCCGGCCATTC
22,50627048,G,C,Pathogenic,1,GCCACCGTCGCAAGGAGTGGCCGGCGGGAAGCAGGTCAGGTTCTGGCAGGGGCCCTGAGGCGGGCAGCTGCCGTGAGGGCTGGGCTGGCAGGTGGGGCTGC
22,50626877,G,A,Pathogenic,1,ACTTACGTGAGAGGCATAGTACAGGAAGAAGGGGCGATCCTGGCGCTGGGCGTCGGCCATGAGGTCATGGGCGAAAGCCATGTAGCGGGCCTCTAGTCCGG
22,50626618,G,A,Pathogenic,1,CCCAGCTGCCCTGCTGGCATACCCATTGTCTGCAGTGAAGATGACCAGCGTCTCTTCAAGCAGCCCCAGGTCCCCTATGGCTGTCATCAGGGTCCCCACAG
22,50626265,G,A,Pathogenic,1,GTTCCCTTTCCACACCGCAAGAGACCGGAGCAGCCGCCTCGGGACATACGCATGGTCTCAGGTCTGGGACACAGGAGGCGCTCATGAGCCATGGAGCCACA
22,50626243,G,T,Pathogenic,1,TCGGACACCGCCCTCGTAGGTCGTTCCCTTTCCACACCGCAAGAGACCGGAGCAGCCGCCTCGGGACATACGCATGGTCTCAGGTCTGGGACACAGGAGGC
22,50626154,C,A,Pathogenic,1,GGTTGGGGTGGTGGGGCCAGGGTTCCAAGGAGAGGGCCTGCGGACTGACCGGGAGCGATATGACCTGGCCAGAAGGCCAAGGCAGGCTCTCGGACACCGCC
22,50626033,T,A,Pathogenic,1,GACATTGGGCAGTGGGGCCCCAGCCAGGGCTGCCAGGGTAGGCAGCAGGTCCAGGGAGCTGGCCAGCTCGTGGGTCACGCCTGGGGGCAGGAGGCTGGTCA
22,50625675,G,A,Pathogenic,1,ACCCCACGGACCTCGTCTGGGTAGGACGGGTAGAAGAAGAGAGACTGCCGAGGGCTCTGGGGGCAGAGTCAGGGGTCACGGGGCGGGGCAGGCCCCAAGCA
22,50625653,G,A,Pathogenic,1,CTTTCCAGTCCGCACAGCAAAAACCCCACGGACCTCGTCTGGGTAGGACGGGTAGAAGAAGAGAGACTGCCGAGGGCTCTGGGGGCAGAGTCAGGGGTCAC
22,50625213,G,A,Pathogenic,1,CAATGGCAGCAAGCTGGGCGGGGGGTGCAGCCAGGATGACAGCAGATCTGCAGGGCGGGGTCCTCGCCCCGGGCCACCTGGCTGGGGCCGAAGGTCACAGC
22,50627221,A,G,Pathogenic,1,GTGGGAGTACGGGATGCCTAGAAATCGATGGAAGCCCTGATGGGGGGGCAGGAAGGCCCCCTCAGGCCCCACCCCAAGGTGCCACTTGCCGGCCATTCCTG
22,50626682,C,T,Pathogenic,1,CCCAGGTCCCCTATGGCTGTCATCAGGGTCCCCACAGCTGCATCCAGCTCCATCAGGGAGTCCCCAAATGGCCCGCGGCCTGAACGCTCTGCAAAGCTCTG
22,50626228,C,A,Pathogenic,1,GGCCAAGGCAGGCTCTCGGACACCGCCCTCGTAGGTCGTTCCCTTTCCACACCGCAAGAGACCGGAGCAGCCGCCTCGGGACATACGCATGGTCTCAGGTC
22,50625396,G,T,Pathogenic,1,AGGTTGTAGTTCTCACCAGGGTCCTTGGACAGGTCATAGAGCAGCGGGGGCTCATGAGCAGTCAGAGAGCTGGAGGCGTGGCAGGCAGGGTCTGCAGTGGT
22,30067894,T,C,Pathogenic,1,TGTCTCTACTAAAAATACAAAAACTAGCAGGATGTGGTGGTGTGCGCCTGTAGTACCAGCTACTCGGGAGGCCGAGGCACGAGAATCGCTTGAACCCGGGA
22,29671905,T,C,Pathogenic,1,CAGATGAGGGAGGAGGCTGAACGCACGAGGGATGAGTTGGAGAGGAGGCTGCTGCAGATGAAAGAAGAAGCAACAATGGCCAACGAAGCACTGGTGATTTC
22,30032794,C,T,Pathogenic,1,CCATCATGCCCAGCTAATTTTTGTATTTTTGTAGAGATAGGGTTTCACCATGTTGGCCAGGCTGGTTGAACTCCTGACGTCAGGTGAAATGCCCGCCTCAG
22,29636805,C,T,Pathogenic,1,GTGGAAAGGGAAGGACCTCTTTGATTTGGTGTGCCGGACTCTGGGGCTCCGAGAAACCTGGTTCTTTGGACTGCAGTACACAATCAAGGACACAGTGGCCT
22,30077457,T,C,Pathogenic,1,CAAACAAAATGCTTTGACAGGGACAATTCCCAGTCTCTTATCACTGAAAGGTACAAAGGAAGCTGGGAAGTTGTTTGAATATCATATAGCACTTTTGAGTT
22,29681468,T,C,Pathogenic,1,TGATACCCTCTTGCCGGCAGAGTGGAATACATGGAAAAGAGCAAGCATCTGCAGGAGCAGCTCAATGAACTCAAGACAGAAATCGAGGCCTTGAAACTGAA
22,30077466,A,C,Pathogenic,1,TGCTTTGACAGGGACAATTCCCAGTCTCTTATCACTGAAAGGTACAAAGGAAGCTGGGAAGTTGTTTGAATATCATATAGCACTTTTGAGTTCATTAGGCC
22,29681477,A,C,Pathogenic,1,CTTGCCGGCAGAGTGGAATACATGGAAAAGAGCAAGCATCTGCAGGAGCAGCTCAATGAACTCAAGACAGAAATCGAGGCCTTGAAACTGAAAGAGAGGGA
22,30051610,G,T,Pathogenic,1,CATGCAAAACCCTGTCTCTACTAAAAATGCAAAAATCAGCCAGGTGTGGTGCCACACGCCTGTAATCCCAGCTACTTGGGAGGCTGAGGCAGGAGAATTGC
22,29655621,G,T,Pathogenic,1,ATTTTGCTCTATTTTTTGGTAGGTAATAAATCTGTATCAGATGACTCCGGAAATGTGGGAGGAGAGAATTACTGCTTGGTACGCAGAGCACCGAGGCCGAG
22,30057302,C,T,Pathogenic,1,CTCTACAAAAAATACAGAAATTAGCCAGGTGTAGTGGTTCACACCTATAGTCCCAGCTACCTGGGAGGCTGAGGTGGGAGGATCCCTCAAGCCCAGGAGGT
22,29661313,C,T,Pathogenic,1,CCCTGAGAACAGACTGACCCCCAAGATCTCCTTCCCGTGGAATGAAATCCGAAACATCTCGTACAGTGACAAGGAGGTAGGACATGTGTGTACTGCAGATG
22,30064394,C,T,Pathogenic,1,CTAACAGAAGAAGGAATCAGTGAATGTGAAAATACATGATTTGAGGTTATCCAGTTGAGGAGGAATAGGTGGAGGACACTATCAACTGTATCAATATATAG
22,29668405,C,T,Pathogenic,1,CCATGATCTATTTATGAGGAGAAGGAAAGCCGATTCTTTGGAAGTTCAGCAGATGAAAGCCCAGGCCAGGGAGGAGAAGGCTAGAAAGCAGGTGAGCACAA
22,30067836,C,T,Pathogenic,1,CAGGTGAATCACTTGAGGTCAGGAGTTTGAGACCAGCCTGGCCAACATGGTGAAACCCTGTCTCTACTAAAAATACAAAAACTAGCAGGATGTGGTGGTGT
22,29671847,C,T,Pathogenic,1,AATGACTGTTTTTCTTCACCCCTCGCAGATGGAGCGGCAGCGCCTCGCTCGAGAGAAGCAGATGAGGGAGGAGGCTGAACGCACGAGGGATGAGTTGGAGA
22,30069354,C,T,Pathogenic,1,ACAACAAAAAAGAAGATACAACAATTAGAAACAAATATCTACCTAACAACAGAGCCTCAAAATACATGAAGCAAAAAATAAATAAGGGGAGAAATAAACAA
22,29673365,C,T,Pathogenic,1,CACCGAGGAGGAGGCAAAACTTCTGGCCCAGAAGGCCGCAGAGGCTGAGCAGGAAATGCAGCGCATCAAGGCCACAGCGATTCGCACGGAGGAGGAGAAGC
22,30070871,G,T,Pathogenic,1,CACGCCACTGCCCTCCAGCCTGGGTGATACAGCAAGACTCCATCTCAAAAAGAAAAAAAAACAACTGTATGCCAACAAATTAGGTAAACTAGATGGAATGG
22,29674882,G,T,Pathogenic,1,CAGGGCCAAAGAGGCAGATCAGCTGAAGCAGGACCTGCAGGAAGCACGCGAGGCGGAGCGAAGAGCCAAGCAGAAGCTCCTGGAGATTGCCACCAAGCCCA
22,30070880,C,T,Pathogenic,1,GCCCTCCAGCCTGGGTGATACAGCAAGACTCCATCTCAAAAAGAAAAAAAAACAACTGTATGCCAACAAATTAGGTAAACTAGATGGAATGGACAAATTCC
22,29674891,C,T,Pathogenic,1,AGAGGCAGATCAGCTGAAGCAGGACCTGCAGGAAGCACGCGAGGCGGAGCGAAGAGCCAAGCAGAAGCTCCTGGAGATTGCCACCAAGCCCACGTACCCGG
22,30077432,G,T,Pathogenic,1,CAATGCACATTTTCTACTTGCAAAACAAACAAAATGCTTTGACAGGGACAATTCCCAGTCTCTTATCACTGAAAGGTACAAAGGAAGCTGGGAAGTTGTTT
22,29681443,G,T,Pathogenic,1,CACTGTCTGCCCAAGCCCTGATGCATGATACCCTCTTGCCGGCAGAGTGGAATACATGGAAAAGAGCAAGCATCTGCAGGAGCAGCTCAATGAACTCAAGA
22,50303733,A,G,Pathogenic,1,GTGTCTCCACACAGGGCCCCCCATGGAAGCTGCTGACCAGCTGTGCCAGAGGGGCCGGGGCCCTACCCCCAGGAGCCCAGTCCCTGCCTCTGATGCTGCTG
22,49910085,A,G,Pathogenic,1,CCAGATGAAGCGGGCCCACTCGTGCCGCAGCCAGGCCGCGAGGGCCAGCAGGACTGCAAGACAGTGCGGGAGGGTGCTCGTCAAGACACAGGGCCCACCCG
22,50297711,G,C,Pathogenic,1,TTCCTTAGGTGGCTGTGGTCACACCTGACGCTGCTGCACCCAGGGACCTCGAGGCCTGAAGTCCAGAGCCAGACCAGTGAGTTCACACCCCAGCTCTGTCA
22,49904063,G,C,Pathogenic,1,GTGTGTATGCCAGCATGCCTGTCCCCGGCTGCACATCCTCCCTCTTGTCGTACCTGTGGGATGAGAGCTGGTGGTCCTGCCCAGGGCCCCCACATCGCCCT
22,18901004,C,C,Benign,0,CTCTTAGTGATTTTTAAGAGCTCTTTACATATTGTTGATGTGAGCCCTCTGTCAGTTCTATGTGTTCATAGATCTGTTCCCACTCTGCAACTTGCCTTGTC
22,18913491,C,C,Benign,0,CGGGAAGCTGATCTGGTCACACATGCCTAGCAGCTGTCCAAAGTACACCCGGTGGTCAGCAGGATGCAGGCCCAGCTCCTCCATCCTGTGCAGGTGAAGCC
22,18901005,G,C,Pathogenic,1,TCTTAGTGATTTTTAAGAGCTCTTTACATATTGTTGATGTGAGCCCTCTGTCAGTTCTATGTGTTCATAGATCTGTTCCCACTCTGCAACTTGCCTTGTCA
22,18913492,G,C,Pathogenic,1,GGGAAGCTGATCTGGTCACACATGCCTAGCAGCTGTCCAAAGTACACCCGGTGGTCAGCAGGATGCAGGCCCAGCTCCTCCATCCTGTGCAGGTGAAGCCA
22,26853889,G,A,Pathogenic,1,TCTTATTTCTGTTGGAAGCAGGATGGTGGGGGTGAGGGTATAGATAGACATCATACAAAGAAAGGTGGAACTGAGCTGTAATTGCTGCAGTGGAGGGAGGG
22,26457923,G,A,Pathogenic,1,TAAAGCGCGGGCAGCTGGGCAAATTCGCTATGCATCAGGCTGACGGCCTGGAGGAAGCGGCGATCCTGCGGGGTGGCCACCTGCGGCAGGTTTGCTTCCAG
22,26866740,G,A,Pathogenic,1,AGTTTAAAAAGTAAAAAAAAAAAAAAAAAAAACTAGAAAAAGCTTAAAGAATAAGTATATAAAGAAAGAAAATATTTTTGTACCTTGTATAATGTGTATTT
22,26470774,G,A,Pathogenic,1,TTATAGAGGATGCAGCCAGCGAGAATGTGAGGCGAGCGCTGGCAGGTCTGCAGAATGCGGGCTGCCTTCAGCAACAACAGGGGCTCCACCTGTGCAGGGCA
22,26868357,C,A,Pathogenic,1,AGGATCAATATATTATGAGCATTTACTATGGGATCAGTGTCTGTGTTGAAGGTTTTCTGTTTGTGACATCACTTGACCTTCATGACCATTCTCTGAGCCAA
22,26472391,C,A,Pathogenic,1,TGCAGATCACTGGTGTTTTTCAGAATTTGCTCGATGAAGGTGTCCCACTCCGTGCTCAGTTCTTCCTGAGAACAGTTCTAAAACAGAAAGAGCCTCAGGTC
22,26864522,C,A,Pathogenic,1,TTAGGCAAGCCATTTCAGCCTCAGCTTTCACATCTGTAAAATGGATATAACCACCCCTGCCTCACAGAACTGTTGTGAAGAGGAAGGGAGGTGCTCCAAGG
22,26468556,C,A,Pathogenic,1,CTCTGGGGGATGCTGTCCAGCCAGGTGGGTGGACTTTACAATACCTGCTCCTGAGGTGCTGTTCGGTGAAGCAGGACCTTGGCGGTGAGGGAGGGCGGGAG
22,50502629,T,C,Pathogenic,1,TGCAGAGGAGCCTCTTCTAACCTGCCCACCTCATCTCTCCTTCTCCCCTTGCCCACTCTGGCCCTTCCGTCCTTTCCTGAGGCCAAGAAGTGGGAGCAGGA
22,50064200,T,C,Pathogenic,1,CAGCAGGAGCACTAGCAGCAGCAGCAGCAGCAGCACATCGTAGGATGGCTGCAGGCGGAAGGAGGTGTGAGCAGAGTGGCCCAGCCGCCCTCCAGCCCAGG
22,50518347,G,T,Pathogenic,1,GGGCTTGGTGGGAAGGAAGGGAGGGTCTTCTGGTTGGACTCTTGTGGGGTGCCCTGTGCTTGCCACCTCTGGTCTTGGGAGCTCCCTGTCTCTGGGTGCCT
22,50079918,G,T,Pathogenic,1,AGTGGGGCTGTGGGTGTCAGGCGTCTGCGCGAAGCTCGTGTGAACTCACGTTTATTGCTGATGGGTTCAGGACTAGTTTGCATCCAAACCAAATTAAACAC
22,50518348,T,C,Pathogenic,1,GGCTTGGTGGGAAGGAAGGGAGGGTCTTCTGGTTGGACTCTTGTGGGGTGCCCTGTGCTTGCCACCTCTGGTCTTGGGAGCTCCCTGTCTCTGGGTGCCTG
22,50079919,T,C,Pathogenic,1,GTGGGGCTGTGGGTGTCAGGCGTCTGCGCGAAGCTCGTGTGAACTCACGTTTATTGCTGATGGGTTCAGGACTAGTTTGCATCCAAACCAAATTAAACACG
22,32889256,C,G,Pathogenic,1,AACTCTCTATCAGGAAGGCTAAAATTAGCTCATCTCCCTCCTCACCACTCCTCTTGCCCCAACTATAATTACTCACCTTTGCCCCCAGCTCCATTCCTGGG
22,32493269,C,G,Pathogenic,1,CCTCTTTACTGCTTCAAATGACCCACTCCTGTGGAGGTTTTTATATCTGCGTGATTTTCGAGGTGATTTCCGTAATGACATATTCACAAGAAAGGGCTCTT
22,32894440,C,T,Pathogenic,1,TTTGTCTCTTTCTATTGCAGAGGGTGGAAATCCAGATATTCAATCTTGCCAGGCTCCCTTGTAGCTAGTGCTAGTGACACGTGACCCAATTCTGGTCAATG
22,32498453,C,T,Pathogenic,1,CTTTGATCCAGTTGGCCCACTTCCAGGACCTAACCCCATCTTGCCAGGGCGAGGCGGCCCCAATGACAGATTTCCCTTTAGACCCAGCAGGGGTCGGCCAA
22,32889269,G,T,Pathogenic,1,GAAGGCTAAAATTAGCTCATCTCCCTCCTCACCACTCCTCTTGCCCCAACTATAATTACTCACCTTTGCCCCCAGCTCCATTCCTGGGTTCTAAACACTCT
22,32493282,G,T,Pathogenic,1,TCAAATGACCCACTCCTGTGGAGGTTTTTATATCTGCGTGATTTTCGAGGTGATTTCCGTAATGACATATTCACAAGAAAGGGCTCTTATTGTCTTGATTA
22,29130661,C,A,Pathogenic,1,GAGACATGCCCATTATCATTCCTGTCTAGAAGTGGAGCACTCAGCTGGGGTTCCGGGAAGCTGCCTGTCATGACTAGTGCCTGAGGCTTCTTCCCAAAGAA
22,28734673,C,A,Pathogenic,1,GAGGAGGAGCCTTGGGACTGGGTAACGCTGCCATGGGGCTGTGAACAGGCACTGCTGCCATGAGACTGCTGAGCCTCAACATCCGACTCCCGAGACATCAC
22,29107974,C,A,Pathogenic,1,AAAAGCCATATATTTCAACAATCTTCCCCACACCTAGCACAGTGGAGAGTGTAAAAGTGCTTGCTAAGTATTCTTTCTTGGCTGGGTGTGGTGGCTCATGC
22,28711986,C,A,Pathogenic,1,TTCCTTTTGCTGATGATCTTTATGGCTACTTTCTTACATGTTTTCCTCTCGAAAGCCAGCTTTACCTCTCCACAGGCACCACTAGAGGGAAAAACAAAGAT
22,50524255,G,A,Pathogenic,1,GCCCCGAACAGGCCTGTGATCAGCAGCCGGGTTCGAAGCCCAGGGCCCTGGGGCTGGCCCTGCCCACCTGTCTCTGCAGGGCCCTGCCTTGACAAAAGCCA
22,50523738,G,A,Pathogenic,1,GTAGTAATCCGTGAAGAGGCCGTCAGGGTTGAGCAGGTAGATGGCAATGGAGTGGTCCACGATGTAGTCCTGGTCCTCATCCTTGGGGCCTGCATTGTAGT
22,50523994,C,T,Pathogenic,1,CCAGGCTCTGCTTCCAGCTGCCGCACCACCTGCACCAGCTTCTCCAGCTCGTCTGGGCAGATGTCAGGGCAGTGAGTGAAGCCAAAGTACATCAGCACCCA
22,50524014,C,T,Pathogenic,1,CCGCACCACCTGCACCAGCTTCTCCAGCTCGTCTGGGCAGATGTCAGGGCAGTGAGTGAAGCCAAAGTACATCAGCACCCACTGGCCCCGGAAGTCAGCCT
22,50524305,C,T,Pathogenic,1,GGGCTGGCCCTGCCCACCTGTCTCTGCAGGGCCCTGCCTTGACAAAAGCCAGGACCTCAGATGCAGGGCCTGGCCTCCCAGGGTCCCAGGGAGGACCCGAG
22,33700462,A,G,Pathogenic,1,ATGCGGAAGGCTGAATGCTGCCTCACAATCCAAAGTGGTATGTGTGTAAATGACTAAATAAAATGCAAAATGGGATGACATGAGGGCTGGCGGGGGTGCCA
22,33304476,A,G,Pathogenic,1,TGGGCCTCGGCGTCTGACAGGTAGAGGGCCAGGCTGATGGGCCCCTCCCAGTGCTTGCAGATGGCCTCCAGCATCTGGAGCCTGGAAGAGACAGGGAGGGT
22,33780191,G,A,Pathogenic,1,GTCTGTGTCCAAACTTCCCGTTACAAGGACGCTGGTTGTAATGGATTAAGGACCCAAGTGGCTTCAGGATGACCTCAACTAATTGCATCTGCAACAACCCC
22,33384205,G,A,Pathogenic,1,TCAGGAATAGCTGCACCTTCGAACCTGGCCACTCACCTGGTCAGCTAAGGATGTAGAGAGCATGCCCATGAGCTCCCTCTCTGCGGTCAGCCTCCACATCT
22,41533772,C,T,Pathogenic,1,ATGAAGATGACTGGGCCTTGTGCTGACCTCCCAGAGAGCAGATGAGGGCGGCCAAGGGCCACTTACGCACAGATGGAAAAACCCTGTCCCCCACATGGCCC
22,41137768,C,T,Pathogenic,1,CACTACTGGAATTCGGAAACAGTGGCACGAAGATATTACTCAGGATCTTCGAAATCATCTTGTTCACAAACTGTAAGTAAGATTGTGGACACGTCTCATTC
22,41574377,C,A,Pathogenic,1,CAATCTCGGCTCAGTGCAACCTCCACTTCCTGGGTTCAAGCGATTCTCCCACCTCAGCCTCCCAAGTAGCTGGAATTACAGGTGCCAGCCACCATGCCTGG
22,41178373,C,A,Pathogenic,1,ATGGCCAACCATAACCAGTTCCAGCAACCCCAAGGAGTTGGCTACCCACCACAGCAGCAGCAGCGGATGCAGCATCACATGCAACAGATGCAACAAGGAAA
22,41537115,C,T,Pathogenic,1,CAGGGTACAGCAGGTCCCAGGCTTGGAGGATGTGGGGAACACGGGCTGGCACCAAATGTCGAGGGATAAACTTGGCCAGTGGGGGTCAGGGTCCCATGCCA
22,41141111,C,T,Pathogenic,1,CCTTCTAGCTGAGAAAATCTATAAGATCCAGAAAGAACTAGAAGAAAAACGAAGGACCAGACTACAGAAGCAGAACATGCTACCAAATGCTGCAGGCATGG
22,38374006,C,A,Pathogenic,1,GGATGCAGCTGCTCAACCAGGGCATGACTGCCAGATGTGCTTTGCAGGACAGTTTCTCAGGCCCAGGATGCAGGCACACAGCTGTTTGCCTGGCCTGGAAG
22,37977999,C,A,Pathogenic,1,GCCTGGATGGCGGCGGTCCCACCTTGCTCGGCCTCCCCACCGGGGCACTCCGCCTCGCCCTGGGCGGCCTTCCCGTTCTTCCGCCGCCTGGGCTGGTACTT
22,38379543,G,C,Pathogenic,1,AACTACAGAATTCTCACCTAGATGTTTCCTTAATCAGCCACTGATTAAACACAATCCTTTTATTCCTTCTGTAAAATCTCATTCATTTTGCAAGTTTTCTT
22,37983536,G,C,Pathogenic,1,TTTTGCTGGCGCCGTTGACGCGCACGGGCATGGGCACCAGCGTCCAGTCGTAGCCGCTGAGCACCTGGCTGACGGCCTCGCGGATGCACACGGGGAACTTG
22,38379388,C,G,Pathogenic,1,CAGCGAGACTTCATCTCAAATAATAATAATAATAGAAATACATTTTAATTTGCCCATGCCTCCAACATCCTATAAAATAAATTCTTTTAAAAATTTATTTA
22,37983381,C,G,Pathogenic,1,GCCCGGGGGGCGGTCGGGTGCTCACCTCCAGAGCTTGCCCAGCGTCTTGCTGAGCTCAGCGTTGTGCAGGTGCGGGTACTGGTCCGCGAGCTTCCTGCGCG
22,38369964,G,C,Pathogenic,1,CAGCGGAAGCCCTGTTTAAAGATAAGAGATCCATCAATAGCTCCCTCCTTTCAAACTTCAAACTGACTTACTCATATGAAGCAACATTTTCAGCATCTCCA
22,37973957,G,C,Pathogenic,1,GTCCACTGGCCACGGCCAGGGCACTGCCCAGCCCATAGCCGGCTGCTGAGTAGCTGCTCACATGGCCTGGGTGCCCATTGGGCGGCAGGTACTGGTCCAAC
22,38370151,G,T,Pathogenic,1,AAATAGTGATGAAAAATATATTTGAATAACAAGAATCCCATGAATCTAAAGGATATAGTAAACATGACTTAGCTCACTGGAAGACCTAATATTTAAGAAAG
22,37974144,G,T,Pathogenic,1,CCCGCCCTCCCCCATGGAGCGCCCGTCCCGCTTCGGGTCTGCCTTGCCCGACTGCAGCTCTGTCTTCGGGGTGGTTGGAGGGGTGGGTGGGCCATGGCTCT
22,38373950,G,C,Pathogenic,1,TGGAGTATGGCTTTATGCGGCTGGCCATGGTGCTGTCACTCTAGCCAGGAGCATGGGGATGCAGCTGCTCAACCAGGGCATGACTGCCAGATGTGCTTTGC
22,37977943,G,C,Pathogenic,1,ACATGGGGGAGCCCTCTCCTGGGTGCCGGTGGTCCAAGTGGGCGCTCTTGTAGTGGGCCTGGATGGCGGCGGTCCCACCTTGCTCGGCCTCCCCACCGGGG
22,38369774,G,A,Pathogenic,1,TTTTAATGGAATTAATTTCCTCTAAGAATACTTTTTACATTTTCAAGCTAGAAGAACATTTATTTCTGAATGGATGGAATTTTTTTTCAAAATAATACTTG
22,37973767,G,A,Pathogenic,1,GGGAAGGCTGAGCCATAGTGGGGCAGGCTGAGGGAGGTGTAGGCGATCTGTGAGGTGGATGGCTGGTCGGTGTAGTGTGGGGGCCCCTGGGGCCCCGCGGT
22,38370155,G,A,Pathogenic,1,AGTGATGAAAAATATATTTGAATAACAAGAATCCCATGAATCTAAAGGATATAGTAAACATGACTTAGCTCACTGGAAGACCTAATATTTAAGAAAGAAAA
22,37974148,G,A,Pathogenic,1,CCCTCCCCCATGGAGCGCCCGTCCCGCTTCGGGTCTGCCTTGCCCGACTGCAGCTCTGTCTTCGGGGTGGTTGGAGGGGTGGGTGGGCCATGGCTCTGGCC
22,38374101,G,A,Pathogenic,1,TGGAAGAATGCACTCCAGGAGTGGCCTGAAGGGCTGTTTCCCATACCTGGTATGTGGGTACACAGCTGCTCATCTGGCCTGTGGCCAGTCTGCTGGGGGGA
22,37978094,G,A,Pathogenic,1,GTACTTGTAGTCCGGGTGGTCTTTCTTGTGCTGCATACGGAGCCGCTCAGCCTCCTCGATGAAGGGGCGCTTGTCACTTTCGTTCAGCAGCCTGGGGTGTG
22,38370207,T,G,Pathogenic,1,AGTAAACATGACTTAGCTCACTGGAAGACCTAATATTTAAGAAAGAAAATTACAATCATTAACCAGCAACTCTTTCCTCATGGATACTCCCAACACTGAAT
22,37974200,T,G,Pathogenic,1,GCTCTGTCTTCGGGGTGGTTGGAGGGGTGGGTGGGCCATGGCTCTGGCCTGGGTAGAAGGGAGACAGAGAGAGAGAGCGCAAGGGGGAAGCAGGTTAGAGG
22,38374050,T,G,Pathogenic,1,CAGGACAGTTTCTCAGGCCCAGGATGCAGGCACACAGCTGTTTGCCTGGCCTGGAAGAATGCACTCCAGGAGTGGCCTGAAGGGCTGTTTCCCATACCTGG
22,37978043,T,G,Pathogenic,1,GCACTCCGCCTCGCCCTGGGCGGCCTTCCCGTTCTTCCGCCGCCTGGGCTGGTACTTGTAGTCCGGGTGGTCTTTCTTGTGCTGCATACGGAGCCGCTCAG
22,19750796,T,A,Pathogenic,1,CCCCTCCCACCCCTCCCCTCTCCCCAGCCCTCCCTCCTAACCCTGTCGGCCCCTTGAGGTGCCCTCCCGGCCCCGGCCCTCCTCTCCCATCCCCACGTTCC
22,19763273,T,A,Pathogenic,1,GGCCTCATCACCCCCAGGCGGATGTTTCCCACCTTCCAAGTGAAGCTCTTCGGCATGGATCCCATGGCCGACTATATGCTGCTCATGGACTTCGTGCCGGT
22,19753444,G,A,Benign,0,ATGTGCCCACACTCCCATGTATGTGTGCCTGAGTATGAACATGGTGTGAACACACACATACACTCATGCTCATGCTCATGAGTATGTGTGCACGTGGTGGT
22,19765921,G,A,Benign,0,GCGCCGCCCTGATCCGCCTCCCGCCCGCAGGCCCCGGAACCACCGGCCCGGCGCACTGCCGCTCATGAGCGCCTTCGCGCGCTCGCGGAACCCCGTGGCTT
22,19751747,C,G,Pathogenic,1,AGGGCCCACATGTGCTGGCTCCATCCACCCATGGGGCCTGCAGCATTCTCCCCACTTCTCAGATAGCATCACTGAGGCTTGCAGAGGCCAGGGCGTGTTCC
22,19764224,C,G,Pathogenic,1,CCTGGCTGGTGGCGGGGAAGGCCGACCCTGCCACGCCAGGCCGCGTGCACTACCACCCGGACTCGCCTGCCAAGGGCGCGCAGTGGATGAAGCAAATCGTG
22,37628897,C,T,Pathogenic,1,GCTGGTGACCTGCTGCCTCCTTCCCATCGGCAGCTAGTTCTAGGGCCATCCACAGGGATCCCCAGCCCTCCATAGTACCAGTGAGCCTCACTGGCATGTGC
22,37232857,C,T,Pathogenic,1,GGATAGGAGAGCGGCCGGAGACGGTCGTAGTCCTCCTGCCCAGCAGTGTCCCACAGCCCCAGGTTCACTGGCTTGCTGTCCACCATCACATTGGCTGAATA
22,24129390,C,T,Pathogenic,1,TAGTGCGAGTTAGTGGGCGGGGGCTGGCATTGAAATTTAGCCTCAAGGGCATGGACTGTTGCTTAGCTGGCCCCAGGGAGCATAGTGCTGGCACCCTGGCC
22,23787203,C,T,Pathogenic,1,CGCCTCTGCCGCCGCAATGATGATGATGGCGCTGAGCAAGACCTTCGGGCAGAAGCCCGTGAAGTTCCAGCTGGAGGACGACGGCGAGTTCTACATGATCG
22,24145525,C,T,Pathogenic,1,CAGGATTTAGGTGTTCTGAGCCAGGACCCAGACTGCCTGTGGACTGATGGGATGAGGGGAAGCGGAGTACAAGAGGGCCGAGGAGGTGGGCTTGGGGGACC
22,23803338,C,T,Pathogenic,1,TTTCAGCTTTGATGACCATGACCCAGCTGTGATCCATGAGAACGCATCTCAGCCCGAGGTGCTGGTCCCCATCCGGCTGGACATGGAGATCGATGGGCAGA
22,26995555,C,A,Pathogenic,1,AATAAAAGAACTTAAAGAGTTGATCTGAAACTCCCTAGGCTGTGTCCTGGACTTTAACAGGGCAATCCCAAAATCTGGCAGCTCCAACATTCACTAATGCT
22,26599591,C,A,Pathogenic,1,TGCTTGTCACGCAGGCGACGCAGGGACTGCATCTGTGGCTGGAAGGCTCCCCACTCATTCCAGTGCCGGAAGTCACCAGGCTCTAGGAGGTACTGGTACCC
22,33255338,A,T,Pathogenic,1,TTCAGTAATATAGAATCCTTTCTCATATAGCAGGAAAGGAGTAGAGCTGCTAGATCTGAAATGCAGACTAAAACAGCAGGAAAAATGGAACAACGCGTGGA
22,32859351,A,T,Pathogenic,1,GAAGGGCGGCTACTGCAGCTGGTACCGAGGATGGGCCCCCCCGGATAAAAGCATCATCAATGCCACAGACCCCTGAGCGCCAGACCCTGCCCCACCTCACT
22,33255300,A,G,Pathogenic,1,TCTATCTTAGTTGAGTCATTGGTATTTTAACTTTCACATTCAGTAATATAGAATCCTTTCTCATATAGCAGGAAAGGAGTAGAGCTGCTAGATCTGAAATG
22,32859313,A,G,Pathogenic,1,CCTGGCTACCAGTCCAAACACTACGCCTGCATCCGGCAGAAGGGCGGCTACTGCAGCTGGTACCGAGGATGGGCCCCCCCGGATAAAAGCATCATCAATGC
22,33255264,C,G,Pathogenic,1,GGCGTGAGCCACCGTGCCTGGCCCGGGAAGTAAACTTCTATCTTAGTTGAGTCATTGGTATTTTAACTTTCACATTCAGTAATATAGAATCCTTTCTCATA
22,32859277,C,G,Pathogenic,1,TGTCTCTGGACCGACATGCTCTCCAATTTCGGTTACCCTGGCTACCAGTCCAAACACTACGCCTGCATCCGGCAGAAGGGCGGCTACTGCAGCTGGTACCG
22,33255293,G,T,Pathogenic,1,GTAAACTTCTATCTTAGTTGAGTCATTGGTATTTTAACTTTCACATTCAGTAATATAGAATCCTTTCTCATATAGCAGGAAAGGAGTAGAGCTGCTAGATC
22,32859306,G,T,Pathogenic,1,CGGTTACCCTGGCTACCAGTCCAAACACTACGCCTGCATCCGGCAGAAGGGCGGCTACTGCAGCTGGTACCGAGGATGGGCCCCCCCGGATAAAAGCATCA
22,46614274,C,G,Benign,0,ACGCTGTGCAATGATGGCCGCTGGCATGGCGGGAGTGTGTGCACCAAGGGCGGGGCGCTGCTGCCACTCGGGGCCTCACTTCTCCTTGTGTTGGTTGTCTA
22,46218377,C,G,Benign,0,CCAGAAAAAGAACAGAAACAAATGCCAGTATTGTCGATTTCACAAGTGCCTTTCTGTCGGGATGTCACACAACGGTAGGTAAGGTGGCCCTGCACATTTTC
22,36678800,G,A,Pathogenic,1,CACCTAGGACACCACCCCCTTCTCTAAAAACACCAAGGACACAGCTTCCCTTCGGCAGCAGCCTCTTCTTTCCCTGGGTACATTCACAGGGATTTGACCTA
22,36282754,G,A,Pathogenic,1,CCATCTACCTCTTCGTCGGAGCCATCCCCGGCGCCTTTCCGGGCCATTCGGCGGGGCACGACAAACGGCAGGTCCCCGCGCCTGGGGGCAGAGGTAGAAGC
22,36691115,G,A,Pathogenic,1,ACCTGGCAATGGTAGTAACTTGGTAAATTTTGTTGAAGAAATAGATGAGGGAACTCATGATCTAGAGGAAGACACAGGAATGGAAACAAGCAACATAAAAG
22,36295069,G,A,Pathogenic,1,TTGGCCTCCTCCTCCAGGGTCTTCTTCAGGATGTTCACCTCCTGCTCACGTTTTGACCTGGACAGAGAAATCCCCTCAGAGTGGAGGCCGGGGATGCTGGA
22,36688106,C,G,Pathogenic,1,ACTGGTATATAATGGGTAAAATGAGAATCCTAACACCCATGTTACAGAGTGCAGTGCAGCCAGGGAAGGTGACAGACACATGGTCCTCAGCCCAGGGCCCA
22,36292060,C,G,Pathogenic,1,TCCAGGTTGCACGCGCTCTGGCGCTGGTGGTCCAGGTCCACCAGCAGGTCGTCCAGCTCCTGCTGCAGCCGCGTCTTGGTCTTCTCCAGCTTGTCGTAGGC
22,36691572,G,A,Pathogenic,1,AACATCTGAAAGAAGTTTATTTATAGACTTGGGAGCCAAGAGAAAATGGAAGATATAATTAGTGTCATAGAAGGCTGTACACAGGTTTTGGGGTTGGACAG
22,36295526,G,A,Pathogenic,1,TCCCGAGGGACTTGGTCCCAGGGCACACCTGAGCTCCTGCTGGGCAGCTGTGGAATCCAGCGTGTCCTCCAACTCTGTTTTCAGAGCCTCTAGCTCTTCCC
22,36702031,G,A,Pathogenic,1,AAACAGCATACACAGAAGCAATTATTTTACCCTCTCATAGATGGCAATGCTAAATCGGATGGTAAATCCTAATGACTCCAAAGCAGGCAGAACACCTTTGA
22,36305985,G,A,Pathogenic,1,CGAAACTCCTGGAAGACCACCCTGTTGGGGAAGCCCTGGCGGCAGATACGGATGCCCTCGAGAACACCGTTGCAGCGCAGCTGGTCCAGCACGAGATGCGG
22,21141239,C,T,Pathogenic,1,CATTTAAATTCGTGTGTACATCTATGCAATGTACAACAGTAACTGCAAACATGAACCAGTGTAAGGCAATTTCTTTTGTGACATATGACATACTCCTTGAA
22,20786951,C,T,Pathogenic,1,AACGAGGAAGGCACCCAAGCCACCACTGTGACCACGGTGGGGTTCATGCCGCTGTCCACCCAAGTCCGCTTCACTGTCGACCGCCCCTTTCTTTTCCTCAT
22,19711763,G,C,Pathogenic,1,GACTGGTCTCAAACTCTTGGCCTCAAGTCATCCTCCCACCTTGGCCACCGAAAGTGCTACAATGATAGGCGTGAGCCACCAGGCCTGCCTGGTTGGCTTTT
22,19724240,G,C,Pathogenic,1,GCGTTGCGTGGCGCCCCCAGCGCTGCGCGGCCGCCTGCTGCCCTATCTGGCCGAGGACGAGCTGCGCGCCGCTTGCGCTCCCGGCCCGCTCTGCTGGGGGG
22,19710933,C,G,Pathogenic,1,CTCAGCCCTAACTGCAGATGACAGGCTTGGGAGTGTGGCGACATGTGTCACCTGGAGCAAACTGCTCCCCCTCTGAAGCCTGTCACCCACAAGACCTGCTC
22,19723410,C,G,Pathogenic,1,TGGGAGCGGAAGCCTGAGCGGCCTGCGGCCTCCGGCGATAGTGTGCTATCTGCCGCTGCAGCGCGCGTCCGCGCGGCCTCTGGGCTATTTCTGGCCAGGCC
22,50526638,T,G,Pathogenic,1,CAGGTCCCTTAAGTCTGGCGGGCCTGCGCCGTCCATGCAGAGCAGCGCCTCCTCCACCTCCAGGGCGTGGCCCACGCAGCGACCCAGGGGCTTGTCCATGG
22,50528510,A,G,Pathogenic,1,AGGGTCTCCATCATCAACCTGGATTAATGACTGATCCGTGGCGCCCCGTACCTGCTCTGGGCTCTGGATGACATTGAATCCAGGAATAGACTCCAGCTTAT
22,50526142,C,G,Pathogenic,1,TCGTGCAGCACCAGCGCCAGCGGCAGCGCCCGGACCAGCTCCACGGTGCCTGCGGGGAGAGGGGCTGAGAGGCGCGGGCTCGGGAAGGGGCGGGGCCTCGG
22,50528571,C,T,Pathogenic,1,CTCTGGATGACATTGAATCCAGGAATAGACTCCAGCTTATCCAAGGTGCCTCCTGTGTGCCCCAGACCACGTCCGCTGATCATTGGCACCTGGTGGTCAGG
22,50529579,C,T,Pathogenic,1,AGCGGCCACGAAGCCCCTGATGTCCGCTTCGCTCAGGCGGCCTCCGTCTCGCTTCATGCGGATCAGCTCCGGGAGCTGCTTGGGCTCTGGCGAAGGGTCGG
22,50529339,C,G,Pathogenic,1,GTCTCCTCCAGATCCATGCCCCGAAGTCGGATGGCCATCAGCATGGCCCCTGGTATGTGGGGGTACGCGTGAGGGTGGCAGCCCACAGCGGTGGGGCACCC
22,50526474,C,G,Pathogenic,1,GCGCCCTGGGCCTGAGTCCCCGCGTGTCCGCTGAGCCAGAGCAGGGCGCCCCCTGCGGGCGGGGACGGGTCTTAGGCGCGGCCGGGTCGGGGCGGCCCCAG
22,42523943,A,A,Benign,0,GGGTTTCACGTGTTAGCCAGGATGGTCTCGATCTCCTGACCTCGTGATCTGCCCGCCTCAGCCTCCCAAAGTGCTAGGATTACAGGCGTGAGCCACCGCGC
22,42127941,G,A,Benign,0,GTCGAGGTGGTCACCATCCCGGCAGAGAACAGGTCAGCCACCACTATGCGCAGGTTCTCATCATTGAAGCTGCTCTCAGGGTTCCCCTTGGCCTGAGCAGG
22,27021567,T,C,Pathogenic,1,AGGATCATTGGCCCGAAAGGGGACTCAGTTGCTTGGGTTCCATTTCTGGCTGTGCTGCTTGTTGGCTGTCCCACCTCTGGCAAGTCCCCTCACCTCTTCAT
22,26625603,T,C,Pathogenic,1,GATGCCTGGGGCGGCAACACGGCCTACCCCGCCGAGAGGCTCACCTCCTTCCGGCCTGCGGCCTGTGCTGTAAGTTCTACCACTGCTGCATCCCGGGGAGG
22,27021492,T,C,Pathogenic,1,GAATCTTTAGGTTGGTGTTCAGAAATCTACACTCCCATGAGTTTTTCAGGCGATTCTGATGCATGCTCAAGCTTCAGGATCATTGGCCCGAAAGGGGACTC
22,26625528,T,C,Pathogenic,1,AGGTGGGTGGGCTTTGAGCATGCTGGCTTCCAAGGGCAGCAGTACATTCTGGAACGAGGCGAATATCCAAGCTGGGATGCCTGGGGCGGCAACACGGCCTA
22,25603036,G,C,Pathogenic,1,GGTCACTGCAACATCTGCCTCCTGGGTTCAAGTGATTCTCCTGCCTCAGCCTCTCTAGTAGCTGGGACTACAGACACGCACAACCACACCCAGCTAATTTT
22,25207069,G,C,Pathogenic,1,CACATCTCAACCTTGGTCTCCCGGCAGGTGGGTTGGCTATGAGTTCCCCGGCTACCGTGGGCGCCAGTACGTGTTTGAGCGGGGCGAGTACCGCCACTGGA
22,25627584,C,T,Pathogenic,1,AGCTTGCACTTAATGTCTTCCTGAAACCATCTGTGACTGTACCACAACCATCTGATCTTCCTTTAAGTAAATTTATCCAACGTTCATTGAGCCAATTAAGT
22,25231617,C,T,Pathogenic,1,CCCTCGTTCACCCTCCCATCACCTCTGGCCCTGCAGGTGGGTTGGCTACCAGTACCCCGGCTACCGTGGGCTGCAGTACCTGCTGGAGAAGGGAGACTACA
22,25627592,C,T,Pathogenic,1,CTTAATGTCTTCCTGAAACCATCTGTGACTGTACCACAACCATCTGATCTTCCTTTAAGTAAATTTATCCAACGTTCATTGAGCCAATTAAGTACTAGCCA
22,25231625,C,T,Pathogenic,1,CACCCTCCCATCACCTCTGGCCCTGCAGGTGGGTTGGCTACCAGTACCCCGGCTACCGTGGGCTGCAGTACCTGCTGGAGAAGGGAGACTACAAGGACAGC
22,19951271,G,A,Benign,0,TGTGGTGGGCACCTATAGTCCCAGCTACTTGGGAGGCTGAGGCAGGAGAATGGCATGAACCCGGGGGACGGAGCTTGCAATGAGCCGAGATTATGCCACTG
22,19963748,G,A,Benign,0,CAACCCCGACTGTGCCGCCATCACCCAGCGGATGGTGGATTTCGCTGGCGTGAAGGACAAGGTGTGCATGCCTGACCCGTTGTCAGACCTGGAAAAAGGGC
22,42462734,C,A,Pathogenic,1,CACCTGGAGCACAGGGACAGACAGTACACACAGAAGGAATAGAGGCCGAGACTCTGAGATAACAGAATAGCAGGCCAAAAGCGAATATCGAATAAGAATGT
22,42066730,C,A,Pathogenic,1,GCCATCAGGCAGGGGGCAGAATGGCTTACCCTTGGGGGGAGGCCGCCTTCATAGGCTGGCCAGCTGCAGGAGAAGGCGATGGGGCGGCCTGTGGCATTCAG
22,50625611,G,C,Benign,0,CCACGGGGAGGGGTTACCCTGGGTGAAGAAGTGAGCCTTGTACTTTCCAGTCCGCACAGCAAAAACCCCACGGACCTCGTCTGGGTAGGACGGGTAGAAGA
22,50627374,C,T,Pathogenic,1,CAGGCCCCCCCGGGAGCTGGGCACCAGGACGCCAGGGTACATGCCCATCCGAACCGGGAGCCGGCCGGTCAGGAGGGCGGCCCTGCGGGACAAGTCACAGA
22,50626676,C,G,Pathogenic,1,AGCAGCCCCAGGTCCCCTATGGCTGTCATCAGGGTCCCCACAGCTGCATCCAGCTCCATCAGGGAGTCCCCAAATGGCCCGCGGCCTGAACGCTCTGCAAA
22,50502491,T,C,Benign,0,AATGGAAACCTGGACGGTGCCCTGACTGCTGTCTCTGCTGCTGTTCTCTTCCCAGGATGGAGGCCAGGGGCATCAGATGCACCTTCCCTCCTCCGTCCCAA
22,50064062,T,C,Benign,0,CTCCCCCTGCAGGCCACTCACCTCCCCAGCCAGGCGCTCCTGCGGGCCGTTCTGGGTGTCCCAGGATGCACCCTGCAGCCTTGCACTGACCTTGAAGCGCA
22,50515843,C,A,Benign,0,TGTTTGGGGACATTTGAATGTACTCTGTGGACAGCTATGAATGCAGCCCCAGAGCTAAGGAGAGAGAGCTGGTCGGGTTGGGTTTGGGGCTCATTGGCTTA
22,50077414,C,A,Benign,0,CACCCCCTGCCCTGCGGGGTCAGAAGCTGCACCCACCTTCTTTTTCTTGCAGTCCTCCTCGCTGGACCGTGCAGCGATGATCACCGTGGCCGCCATGAGCA
22,41903957,C,G,Pathogenic,1,CAACAGACAGTATCATCGGAGAGCCATTCCTTACTGTGGAGAAGAGGGCATGTACCCCAGGCCTGGAGCGGCACCCCTGCCTCCTGGAGCCCACTCTGGTC
22,41507953,C,G,Pathogenic,1,TGGCCATGCAGGATGCGACGGCCCAGATGGCCATGCTCCAGTTCATCAGCAGCGGGCTGTCCAAGGTGGCTGTGCCATCCACCATCCACTGTGACCATCTG
22,37263476,G,A,Pathogenic,1,GCACTCCAGCCTGGGAGACAGAGCGAGACTCTGTCTCAAAAAAAAAAAAAAAAAAAAAAGAAGAAGAAGAAAAAAGAGGTGATTCAGGTAGAGTGAGGTCA
22,36867434,G,A,Pathogenic,1,TTCTCAGCCAAAGTCTACGTGGGTGTGAAACAGGAGATCGCCGAGATGCGGATACCTGCCCTCAACGCCTACATGAAGGTACCAGTGGGCCTTGCCACCTT
22,38522451,G,A,Pathogenic,1,AAAATTAGCCAGGTGTGGTGGCGTGTGCCTGATGCTTGTAATCCCAGCTACTCTGGAGGCTGAGGCAAGAGAATTGTTTGAACCCAAGAGGTGGAGGCTGC
22,38126444,G,A,Pathogenic,1,CCCAGGATGAACGCTGGCTTCCGGGCCCGTGAGATGTGCATGAGATCCTGTAGTTCTGTGAGGCACAGAGCAGGGCATGCTGTGGTCAGGTGGGTCCCCAA
22,38541654,G,T,Pathogenic,1,GAAGGTATATAAGTTCTGGAAGACTTTGTAATTTTGAGTTGGTCTGGTGTTATTTTCCAGGTCTTCTCCCTGTAACCGGTTACGGAAACAAAAACTCCCTC
22,38145647,G,T,Pathogenic,1,AAGAATACTGATGGAAATTCACTAGGGCGTCAGCCTCCAACTCCAGCTGGAAGAGTCTGTAGAGCCAGGACAGAGGAGCAAGACCCGAAATGAGTAAGGCG
22,38565325,G,A,Pathogenic,1,CCAGAGGTGGGGCTCAGACACCAGACCAAATTGAGAACTAGCTAAAACAGGGTCCAGGGCAGAAGCAACTTTCCATAAGACATGGCCCACCAATGTGCCAT
22,38169318,G,A,Pathogenic,1,CGGTTGGGAGTGTTCTGGAACAGAATCAGCTGCCCTTCCTCCCGAACTCGGTCACTCGAGGTGTAGTCGGCCACAGCCACCTCCTTCACCCGGAATGGGTT
22,38528924,C,A,Pathogenic,1,CAGGAAACTTTTCTTAAAGTTTCTTTGAACTTCCTGACTATTACAGCAGTTATAACCAAGTCTTGAGGTGAAGTACAAGAAGGTATAATAGCATTCCACAT
22,38132917,C,A,Pathogenic,1,CCGCGGGCATCCGCGTTGGCCCCGTGGGTCAGCAGCACTATGGCACAGTCGAAGCGGTTGCGCATCACCGCCACGTGCAGGGCCGTGTTCCCCGCGGAGCT
22,17585619,C,T,Pathogenic,1,CAGTGTCACAAATCCCATGGTTATTAATGGGGCTCACAACATTTTATTTTATTATTATTTATTTTATTATTATTATTATTATTTTTTTTTTTTTTTTGAGG
22,17104729,C,T,Pathogenic,1,GCGCTCTACAGTTCTGGAGCCCTTTTCCTGCCCTCTCTGCCCGCAGATCCAGCCCTTCTTCAGCAGCTGCCTCAATGACTGCCTCAGACACTCCGCGACTG
22,50721182,C,T,Pathogenic,1,ACCCCTGGACCCCAGCTCACCCCTGGCCCTTGCCCTGGCTGCCCGAGAGCGAGCTCTGGCCTCCCAGGCGCCCTCCCGGTCCCCCACACCCGTGCACAGTC
22,50698797,C,T,Pathogenic,1,GTTCCCGGCCGACTGCGTGGAGGAAGTGCAGATGAGGCAGCATGACACACGGCCTGGTGAGTGACCCCACGGCTCCCCGGGCAGCTCCCAAGGGGACCACC
22,37469590,C,T,Pathogenic,1,GCAGGAGTGGGCGGCCCAGCGCTTGAGCCCCAGGGGAATGACTGAGAGACATTAGCCAGGGCCAACGGCCAGACCCCACCCAGAGGCCATGTCACTGCCTA
22,37073550,C,T,Pathogenic,1,CCCTCCAGACACTCGGCTAGGCCTGCCCTACCTTCCTGGCACTGCTCTTCGTCGCTGCCGTTGAGACAATCAGGCTGCCCATCACAGACCTTGGGCAGTGA
22,50656167,A,C,Pathogenic,1,GGCCTGTGGGACAACCCTCAACAAGACCTTAAGAGGCATACTGTGAAGTGGGGAGGGGAGTGACAACACCCTTAGCAAACTCTCAGAAGGCTGCTGGGGAC
22,50217738,A,C,Pathogenic,1,CAGGGTCCGAGAACACCTTTATTGTGCACGTCCCCCGCAGAGCAGCCTCAGGCGTCCTGGTAGTAGTTGTTGAAGTTGATGCGCAGCAGAAAGTCCTCCAG
22,46749726,G,A,Pathogenic,1,TCTCCCCCATTCAATACGGATCCCAGACATTTGTGGGATACTTGCATCTCCCTATAGCACTTTCCCATGTATCGTCTCATCTGATCTTTAGAAGAACCCTC
22,46353829,G,A,Pathogenic,1,TACCTTGGGCCAGAGAGCAAACATAGGTGGCCTGAGAGAGCCCTGGTACGTGGTGGAGAAGGACAGCGTCAAGGGTGACGTGTTTGTGGTGAGTGGGCCGG
22,50580198,A,T,Pathogenic,1,TATGGGAACAGATCTATGGGAAGCCATCTTTCCAGCCTCACCTATAGTTATAACTGCTGTACTCGAAGTCCACCAGCATGAGGCTGTCAGCATTTTCTGGC
22,50582666,G,T,Pathogenic,1,CTCCCGGCACCATTGGTAGGCTCGGCGCTCGGCGTCACGCGACAGCGACGAGGCGCGCCGCCGTTTTGGGGTAGTGTCCGGGCACTTAGACTGCTGCAAGC
22,50579979,G,A,Pathogenic,1,TCCTCACAGGATGGGTCCTGCTCCCCAGCCTCTGGCCCACATACCTGCTGTTCTTGAGTGGGGTAGTCTGTGGGCCTTGCTTTGTAGAAAGGCCATTCCTC
22,50580564,C,T,Pathogenic,1,ACTGGAAGGGCGGACACCATTACCATTAGCCTTGTCCTGCCTGCCCTCACCTGAGGTTGCCCATCTCATCCTTCAGGCTGTACATCTCCAGCAGGTTCATC
22,24718192,A,C,Pathogenic,1,AGGTCAGGAGTTTGAGACCAGCCCGGCCAACAATACAAAAGTTAGCCAGGCTTGGTGGCACATGCCTGTAGTTCAGATACTTGGGAGGCTAAGGCAGGAGA
22,24322224,A,C,Pathogenic,1,CGGATACACCAGATGGAAGAGAACCAACACAGTACAAGTGAGGAACTCCAGGCAACCCTGCAAGAGCTAGCTGATTTACAGCAGATTACCCAGGAACTGAA
22,50521574,G,A,Pathogenic,1,CTTGTGCTCTGTGCCCAGGAGACTCCAGACCCCTGGCAGAGCCTGGACCCCTTTGACTCCTTGGAGTCTAAGCCCTTCAAGAAAGGTAATTGGGTGGAAGG
22,50083145,G,A,Pathogenic,1,ACAGCGCAAGTAATCCATCTCAGCCGGGAACACGTTCCCCAGGTACAGCGAAAACCCCGAGGTCACCAGGAGGCAGCTCTGCAAGACAGCGACAGAATCCC
22,36691114,C,A,Pathogenic,1,CACCTGGCAATGGTAGTAACTTGGTAAATTTTGTTGAAGAAATAGATGAGGGAACTCATGATCTAGAGGAAGACACAGGAATGGAAACAAGCAACATAAAA
22,36295068,C,A,Pathogenic,1,CTTGGCCTCCTCCTCCAGGGTCTTCTTCAGGATGTTCACCTCCTGCTCACGTTTTGACCTGGACAGAGAAATCCCCTCAGAGTGGAGGCCGGGGATGCTGG
22,36688106,C,A,Pathogenic,1,ACTGGTATATAATGGGTAAAATGAGAATCCTAACACCCATGTTACAGAGTGCAGTGCAGCCAGGGAAGGTGACAGACACATGGTCCTCAGCCCAGGGCCCA
22,36292060,C,A,Pathogenic,1,TCCAGGTTGCACGCGCTCTGGCGCTGGTGGTCCAGGTCCACCAGCAGGTCGTCCAGCTCCTGCTGCAGCCGCGTCTTGGTCTTCTCCAGCTTGTCGTAGGC
22,36684354,T,C,Benign,0,AGGGGATCGATTTAAAGATACATGTTTGAGGCTGGGTGCAGTGGCTCACACCTGTAATCCCAGAACTTTGGGAGGCCGAGGTGGGTGGATCCCTTGAGCTC
22,36288308,T,C,Benign,0,TTCCGCAGCTGTTTGATGGCTTCGTCCCGGTTCTTGTTGGCCGAGTCGATGTGCGCCTCCAGGTCCTTCAGGTCCATCTCCAGCTTCTTCCGGGCGGCCAC
22,43089327,G,C,Pathogenic,1,TGTGGGCTCAGAGCGCCGAGGGACTCGGAGGAGCGCCCTGCAGGGATGCCTCGAGCCGCGCCCTCGCCCCGCCTCCAGCCCCTCTCCGGCGCTCGCAGGAG
22,42693321,G,C,Pathogenic,1,TGCCGGCGCTCGAAGGCCAGGAACGCGCCGTTGAGGACGTAGCGGGACTGGGTGCCCAGCACGTTGGTCAGGTTCCGCAGGTTCTTGAGAACAATGAAGTC
22,38097359,C,G,Benign,0,CCGGCCCATCCTAGCTCCTGAGCCTGCCCCATCATCAGCAGCCTTGTTATGAGTCTGGGCCCTGCGTCTCCCTCTCCCAGGTGCTTCTCACAAGCAGGGCT
22,37701352,C,G,Benign,0,CAGGCCTCACATAGACGGTCAGCCATTGGATCATAGGAACTGCCCTGGCCTGACTCACCCAATATGGAGGAGGTGCCTGGGGATGCCCTGTGTGAACACTT
22,38129332,G,A,Benign,0,TGTGCTTGGGTAAGGAAGCCCCCTCTCTGAGTACGAGGTGCTCCTGGCAGCTCTGAGCAGGGCGGGTCAGCACAGGATGCTGGCACCTGATGCCTGGGACT
22,37733325,G,A,Benign,0,GAGTGGCTGCATTTGCTCATAGGAAGTCCGAGGCAGCGGGGGCCTTCCAGGCCCAGGACGAGGGACGGTCACAGCAGCCCAGCCAAGGCCAGAGCCAACTT
22,38130459,G,T,Benign,0,CGAGTTCAAGCAATTCTCCTGCCTCAGCCTCCAGAGTAGCTGGTATTACAGGTGCCCACCACTACGCCCAGCTAATTTTTTGTATTTTTAGTAGAGACAGG
22,37734452,G,T,Benign,0,CCATGCTCCCTGCCAAACAGGCAGAACTGACCCGGCGGAGCCAAGCAGAGCCCCCTCATCCTTGGAGTCCTGAGAAGAGACCTGAGGGAGATCGGCAGCTC
22,38130472,T,C,Benign,0,TTCTCCTGCCTCAGCCTCCAGAGTAGCTGGTATTACAGGTGCCCACCACTACGCCCAGCTAATTTTTTGTATTTTTAGTAGAGACAGGGTTTCACCATGTT
22,37734465,T,C,Benign,0,CAAACAGGCAGAACTGACCCGGCGGAGCCAAGCAGAGCCCCCTCATCCTTGGAGTCCTGAGAAGAGACCTGAGGGAGATCGGCAGCTCCAGGGGTCCCCGC
22,38130521,C,T,Benign,0,TACGCCCAGCTAATTTTTTGTATTTTTAGTAGAGACAGGGTTTCACCATGTTGGCCAGGCTGGTCTTGAACTCCTGACCTCGTGATTCGCCCACCTCGGCC
22,37734514,C,T,Benign,0,TGGAGTCCTGAGAAGAGACCTGAGGGAGATCGGCAGCTCCAGGGGTCCCCGCTGCCCCCCAGGACATCAGCCAGGACCCCTGAGAGGGAGCTGCGGACACA
22,38130676,A,G,Benign,0,TTTATGGTTGGCACTGGATGGATGGATGGCCATTTATGGTAGTGATGCAACATTTCTCTCAAAATAAATTTAAGTCAGTTTAAAAGTAAGCCAGGCCGGGC
22,37734669,A,G,Benign,0,GAGTCAGGAGGAACCGCCAGGGTCCCAGGGCCCTCATAGACACCTAGAAAGGAGCTGGAGCAGCCAGGAGGGAGGCCTGGGCCCTGGGGGCTGGTGGGGAT
22,38131395,G,T,Benign,0,TTTTTAATTTTAATTTTTGTGGGTACATAGTAGGCATATATATTTATTATTGTTATTTTTAAATGAATTAATATTTTGAAATTTTCACACTTTAAATTTCT
22,37735388,G,T,Benign,0,AAGTGACAAGAGGACCAGCGACCGCAACTCTGGCAGGCCTGGAGCAGACGGGCCCCCTGGGGAGCAGGAGCACTGCGAAGGGCCCCAGCTTGCCAGAGCTG
22,38151000,A,G,Benign,0,GTGGTGCATGCCTGTAGCCCCAGCTACTCAGGAGGTTGAGGGAGGAGAATCGCTTGAACCTGGGAGGCGGAGATCGTGCCACTGTACTCTAGCCTGGGCCA
22,37754993,A,G,Benign,0,ATTCAAGTCTCAAATATTACAGAGACTCCACTGCTGAGGAGGTGAGGCCATGGGTGTACTGATGAACCCCCGGAAGGGCCTGGGGTGGCCTGGCTGGGTTC
22,38151170,G,A,Benign,0,TGAAAACAAAAACAAAACCTTCAAGAATAAGGTTAAAATTAAAACATTTCTCTAGTCAAACAAAAAACCCAGAGACTTTGTCATTAGCAGACCTACACGAA
22,37755163,G,A,Benign,0,ATGGTGAGATCGACCTGCGTTCCTGCACGGATGTCACTGAGTACGCGGTGCAGCGCAACTATGGCTTCCAGATCCACGTGAGGCTGTGTGCAGCTTGGGGG
22,38154067,C,T,Benign,0,AGGGGAGGGAAGAGCAGGAAGGACTTTGCCTTATGGCTTGGGTATCAGCCAGGCTGTAATAGAATAGAGCACTGGGGAGATTACTAAGGTTTCTGACTGCA
22,37758060,C,T,Benign,0,AGTGGCAGGAGCTGGAGAAGCTGCCCCTGCGGGAGAATAAGCGGGTGCCCCTCACTGCCCTGCTCAACCAAAGCCGCGGAGAGCGCCGAGGGCCCCCAAGT
22,38155219,G,C,Benign,0,TGAGCGGAAATCGCGCCACTGCACTCCAGCCTGGGCGACAGAGCAAGACTCCATCTCAAAAAAAAAAAAAAGAATCAAGCAGAAATTCTGGACTTGAAAAA
22,37759212,G,C,Benign,0,CTTCGGGCCCAGCTGGAGGCGTGGCGTCTCCAAGGGGAGGCTCCTCAGAGTGCACTGAGATCCCAGGAGGATGGCCACATCCCCCCGGGCTACATCTCACA
22,38164106,C,T,Benign,0,TGATTTCATCAAATGTCATCTGTTACAAGTCAATGCCAGCCGTAAATGATTAATCTGTACCAGGAACAGAAGTATCTATGCTATCATAGTGTACACAGGCA
22,37768099,C,T,Benign,0,TGTGCCTCTCTGCCCTGCTTCCAGCCATTGAAGCCATGAAGAAGGCCTACCAGGAAGAGCTGAGCCGAGAGCTGAGCAAAACACGGAGTCTCCAGCAGGGC
22,38167706,T,C,Benign,0,CTGGTGCCTGCACTGGCCACTGAGCTGCATTTAGCCCAAGCACCTGCTGTGGGTGCCTCTGCCTCAGGTTCCTTGTGGAGCCAGGCTCTGAATTCTCACCT
22,37771699,T,C,Benign,0,GTGCTGCTTCGCGTAAAAGAAAACGAACTCCAGTACCTAAAGAAGGAGGTGCAGTGCCTCCGGGACGAGCTCCAGATGATGCAGAAGGTAGGTCCTTCCGC
22,36710183,T,C,Benign,0,AAGGAGGCTGGGGTGGTGGGCAGAGCAGGGCTGACCAAGCTTAGAAAGTGGGATGTGTTGAAGGGGAGTGGTTAGCTCTGAGCCTGGTAAAAACAGAAAGC
22,36314138,T,C,Benign,0,CCCCGGAAGGGAAAAGCCAGAGGCAGGTGTGAGGTCAAAGCAAGCCTGGTACTCACTGGCTTCTCAATGAGGTCGATGCAGGGCTGCAGGTCGAGGCCAAA
22,36708084,C,T,Benign,0,GCCAAGCACCTGGAGACCATGGAGGGGAGGTTGGAGGATGAGCAACAACCTGGAAGAAGCTGGTGGGATATGGAAGGAGAGAACCAACCCTGGAGGCAGGA
22,36312039,C,T,Benign,0,CCTCGACTCCACCTCTCCTGTGAAGATCTGGCCAGCACCTCCCCGTGAGCGCTCCTCACCTTGCCGGCATAGTGGATAATGCAGAAATCAGCTTTGTCCTT
22,36700175,A,G,Benign,0,CCACAGTGCCTGTGCGCATCGCACAATCCTTGGGAAGTGTTGCAATTCTAACCCTTTACAGACAACTCAGGGAGAGAGGGAGTGTGCAGCTTGGAGAGAAA
22,36304129,A,G,Benign,0,CCAGCACACCGGCACGGAAGAAGACTTTGCTCTGGCCAATGCGGTACAGATTGCTGTCGAGCTCCAGGGCTTTTATCTAGGTGGGAGGAGCAGGCCGTTTA
22,36694954,C,G,Benign,0,GCAAAAGCAGCATGGCAAAGCAGGAAAAGAGCCAGGCACAGAGGCTCACTCCTGTACTCCCAGCACTTTGGGAGGCTCAGGTCAGAGGATCACTGGAGGTC
22,36298908,C,G,Benign,0,TGACCGCCAGCCCTTGCCCGCCAGCCCCTGCCCATCACCTCCTGCTCGTCACCCCCTCACCTTCCAAGTCAGTGATCATTGCCTCATGCTTGTTCTTGAGC
22,36691691,T,C,Benign,0,GCTCTGCCATTTGCTGTGTGACCTGGGGCAAGTTACTTAACATCTCTGAGCCTCTTAAGATGGAGTTAATGGGTATCACAGCACATATCTTCAGAATTGTG
22,36295645,T,C,Benign,0,TCTCAGCTTTATTCCTGGAAGCACGCTCAGACTCCAGGTCTTCCTGGAGTTCAGAGATCTGAGATTCCAGCTCCCGGATCTTCTTGAGGGCCATGTTCTTC
22,36691607,A,C,Benign,0,CCAAGAGAAAATGGAAGATATAATTAGTGTCATAGAAGGCTGTACACAGGTTTTGGGGTTGGACAGGCTTGGGTTGGAATCCCAGCTCTGCCATTTGCTGT
22,36295561,A,C,Benign,0,CCTGCTGGGCAGCTGTGGAATCCAGCGTGTCCTCCAACTCTGTTTTCAGAGCCTCTAGCTCTTCCCCAAGGTCCCGTTTCTGCTTCTCAGCTTTATTCCTG
22,36689921,G,A,Benign,0,TGACCTAAAATGGGTGAGCGTCTCTCTCTTTAAAAGCAACAACTCACCCTGGGGACGTTCTTTAAAAGGGAGTAGATGAGGCTAGCCTTCCACCTGAATCT
22,36293875,G,A,Benign,0,GACTGGCTGAGAAGCCCGGTCACGTTGTCCAGCTCCACCTGCACCGGGCGGGGAGACACAAAGGACCATGGACCCACCCCCACTGCTCCTGCCCCACCTCA
22,36689917,G,A,Benign,0,AGGGTGACCTAAAATGGGTGAGCGTCTCTCTCTTTAAAAGCAACAACTCACCCTGGGGACGTTCTTTAAAAGGGAGTAGATGAGGCTAGCCTTCCACCTGA
22,36293871,G,A,Benign,0,GTCGGACTGGCTGAGAAGCCCGGTCACGTTGTCCAGCTCCACCTGCACCGGGCGGGGAGACACAAAGGACCATGGACCCACCCCCACTGCTCCTGCCCCAC
22,36684980,G,A,Benign,0,TCCGGGAAGAAAGTAGGGCAGGAAGTGGTTGGGTTCTAGGGAAAATCTATTGGTCCTGAGCTGCGGTGGTGTGTGGTCCTGCCGTCTGAGACTCTGGCCTG
22,36288934,G,A,Benign,0,TCATCTCCTCCACCTGCTGCTCTAGGGCCCGCTTGGACTTCTCCAGCTCGTGGACCTGAGCCCCAGAGAGCCCAAGTCAGGAGCAAAGGGACTGGCAGGTA
22,36684358,C,A,Benign,0,GATCGATTTAAAGATACATGTTTGAGGCTGGGTGCAGTGGCTCACACCTGTAATCCCAGAACTTTGGGAGGCCGAGGTGGGTGGATCCCTTGAGCTCAGGA
22,36288312,C,A,Benign,0,GCAGCTGTTTGATGGCTTCGTCCCGGTTCTTGTTGGCCGAGTCGATGTGCGCCTCCAGGTCCTTCAGGTCCATCTCCAGCTTCTTCCGGGCGGCCACTGCC
22,36684331,C,T,Benign,0,TTAGGATGAGGCTCGATTTAAACAGGGGATCGATTTAAAGATACATGTTTGAGGCTGGGTGCAGTGGCTCACACCTGTAATCCCAGAACTTTGGGAGGCCG
22,36288285,C,T,Benign,0,CCCCGCCCACCCTTACCTGCAGCTTCCGCAGCTGTTTGATGGCTTCGTCCCGGTTCTTGTTGGCCGAGTCGATGTGCGCCTCCAGGTCCTTCAGGTCCATC
22,36681163,G,C,Benign,0,CATCTCTCTGCCTATTAATCGATGGATCATTTTCTTTTGCTTGTTGGTTGTATTTCCATGGCTCTTCCCTTTTAGTTTGTCTTCATCCCTCCACCTTCTTT
22,36285117,G,C,Benign,0,GGCCAGAGTTTTTTCCAGGACAGCTGGGGTTGGGCGGGGCCAGGGGCACGTACTTGGTCTCGTTGTCCAGCTGCTCCTCCAGCTGTGCAATCTTGGCCTCG
22,36678816,C,A,Benign,0,CCCTTCTCTAAAAACACCAAGGACACAGCTTCCCTTCGGCAGCAGCCTCTTCTTTCCCTGGGTACATTCACAGGGATTTGACCTAATTTTCCCACTTCTCA
22,36282770,C,A,Benign,0,CGGAGCCATCCCCGGCGCCTTTCCGGGCCATTCGGCGGGGCACGACAAACGGCAGGTCCCCGCGCCTGGGGGCAGAGGTAGAAGCAGAGGGTCAGCGGGCC
22,38155497,A,G,Benign,0,GACTAAAAGAGGAACCAATCAAAAATAATAACTACAACTTTTCAGACATAAACAGTACAATAAGTTAAAAAGTGGGGGGACAAAGTTAAAATGTAGAGTTT
22,37759490,A,G,Benign,0,GTTTTACAGACAAGGCCACTGAGCTCTGAGAGGTTATGTGACTTGCCCAAGGTCACCCCGCCTGCAGGTCTCAAAGGTGGGATTTGAGCGAGGGTCCGGCT
22,32150928,C,G,Pathogenic,1,TGGTTGCACAACCCTGTGAATATAGTAAAAACGCTGAATCACTTACGTTAAATGGGTGAATGTTTTGCATGTCAACTACACGTAAATAAAGCTGTTTAAAA
22,31754942,C,G,Pathogenic,1,GGAACAGCTAAAGGGAAAAACAGTGCAAGATGAGAACAACAAAGGTCTACAAACTCGTCATCCACAAGAAGGGCTTTGGGGGCAGTGGTCAGTATCGATTG
22,32211195,C,T,Pathogenic,1,TGAGGCTTCCATTCACCTCCTCGTGAGAGCTGCAGTGTGTCGCTGAAGGGAGGGCCCAGCAGCTGTGCTATGAACCTAGGAGTGTGCTTCCTGCTTTGGAA
22,31815209,C,T,Pathogenic,1,CCACCTGCACCAGTATGAAGTCAGCAGCTCCTTGGGATACACCAGCACTCGAGGTAAGAGTGCTGAAGCACAGACAGAGCCAGGGACATCTTTCTTAATAT
22,32289641,G,A,Pathogenic,1,CTGAGTAGCTGGGATTACAGGCGTGTGCCACCATGTGCCACCTTGTGAAGAGGTGCCTTCTGCCATGATTGTAAGTTTCCTGAGGCCTCCCCAGCCATGCG
22,31893655,G,A,Pathogenic,1,CTGTGACCCTGGATGTTGACGTGAACAACCGCACAGACCGGCTGGAGTGGTGCAGCTGTTATTACCATGGCAACTTTTCTCTGAATGCAGCCTTTGAGATC
22,32188751,C,T,Pathogenic,1,AGCTAATGTCTAAACGTGACTGAATTGTTGAACATTATTGTGAAGAGATCTCCCTGAAACAGTCGTGCTATATTACAATTTAAAAAATGAATATGTTTCTT
22,31792765,C,T,Pathogenic,1,AACTACATACTCCGTTTTCTCTATTTCAGATGAATTTCCTGAAATAAACCGAGCCTCAATTCGACAGGATCACAAGGGGAGATTCTATGAAGACTTTTACA
22,32198725,C,T,Pathogenic,1,AAGCTTTCTCCAGGGAGAAAGACCCTGGAGGAGCCCGGGCCCTGGGCAAAGACCTCTCCCCTCCCTGTTCAGATCCCTGCCTCAGTGGGTCACCGTGACCC
22,31802739,C,T,Pathogenic,1,TGTTTTATTTCTAGTGTTTGATAAGCACTACATCAACCGCAACTTTGACCGAACTGGGCAGATGTCAGTGGTGATCACGCCCGGGGTGGGTGTCTTTGAAG
22,41903871,C,T,Pathogenic,1,AGCCCCCACACCCATCACCCTGAGGTGCTGCGGGGCCCACCCAGGGTTGCACTGTGGCCACTGTGTGCAGCAAGCCAAGACAGACACAACAGACAGTATCA
22,41507867,C,T,Pathogenic,1,GAAGATTGTGTATGGACACCTGGATGACCCCGCCAGCCAGGAAATTGAGCGAGGCAAGTCGTACCTGCGGCTGCGGCCGGACCGTGTGGCCATGCAGGATG
22,38379790,A,C,Pathogenic,1,GAGACACAGTGAAGTACCCGCACACCTGAGGAAAGTGGCATCCAGTGAGGTGATGGGTTTGGGTTGGGTCTAGGCACCAACCTCACATGTGGACAGAGCTC
22,37983783,A,C,Pathogenic,1,CGAGCCCACGGGGCTCAGCTCCACCTCCGATAGGTCCTGCTCCTCCGCCATGTCGCCCCCGGCCGCCGCCGCCGCCGCCTCGGCCGCCTCCCCCGGGCCAG
22,29885016,G,A,Benign,0,CTCCAATTACTCCCTCATTTTCAGGTGACTCAGAGAACTTCAAGTGACCAGCACAGTGGTACAGCCCCGCTTGTCGTTAATGACCAGCCATAAAAAACCCT
22,29489027,G,A,Benign,0,GGTGGAGAAGTCTGAGAAAGAAACTGTGATTGTGGAGGAACAGACAGAGGAGACCCAAGTGACTGAAGAAGTGACTGAAGAAGAGGAGAAAGAGGCCAAAG
22,29885473,C,T,Benign,0,GGAAACAGATTTGTTGCCAAAAGTTAATTTGCAAACAAGTTATTAGGAACACACTTGATAAAATTAGATGCTGATTAATTGGAGATATACTGTATCCAGAG
22,29489484,C,T,Benign,0,AAGTCTCCAGAGAAGGCCAAGTCCCCAGTGAAGGAAGAAGCAAAGTCACCGGCTGAGGCCAAGTCCCCAGTGAAGGAAGAAGCAAAATCTCCAGCTGAGGT
22,29886043,A,C,Benign,0,TTGCACCCAGCTGTCCATTAGAAGAGCCAGAGGCCTTGTCTGTTTTGTTCCCTGGTGTCCCCAGTATCCAGCGCAGTTATCCGCATATTCTGTGCCCTCAG
22,29490054,A,C,Benign,0,GTCAAGGAGGAGGTCAAGTCCCCAGAGAAGGCGAAATCTCCCCTGAAGGAGGATGCCAAGGCCCCTGAGAAGGAGATCCCAAAAAAGGAAGAGGTGAAGTC
22,29886413,A,G,Benign,0,TGAATCTTAAGTGTTTCAGATGTTAGTTACTTTTTTAAGAGCACAGTAAGTGCAAAGGTAGTATAGAATAGTGGGAAGTTCTGGATTGACAGACATATATT
22,29490424,A,G,Benign,0,CCAAGGTGGAGGTGAAGGAAGACGCTAAACCCAAAGAAAAGACAGAGGTAGCCAAGAAGGAACCAGATGATGCCAAGGCCAAGGAACCCAGCAAACCAGCA
22,50625594,G,A,Pathogenic,1,AGGTCGGGGGGAGGGATCCACGGGGAGGGGTTACCCTGGGTGAAGAAGTGAGCCTTGTACTTTCCAGTCCGCACAGCAAAAACCCCACGGACCTCGTCTGG
22,50627375,G,A,Pathogenic,1,AGGCCCCCCCGGGAGCTGGGCACCAGGACGCCAGGGTACATGCCCATCCGAACCGGGAGCCGGCCGGTCAGGAGGGCGGCCCTGCGGGACAAGTCACAGAG
22,50627329,C,A,Pathogenic,1,GCCTCGGGCAGCCAGGACTTCGGCCACGGTCACCTCCTCCAGGGGCAGGCCCCCCCGGGAGCTGGGCACCAGGACGCCAGGGTACATGCCCATCCGAACCG
22,50627219,G,A,Pathogenic,1,TCGTGGGAGTACGGGATGCCTAGAAATCGATGGAAGCCCTGATGGGGGGGCAGGAAGGCCCCCTCAGGCCCCACCCCAAGGTGCCACTTGCCGGCCATTCC
22,50626910,T,C,Pathogenic,1,GCGATCCTGGCGCTGGGCGTCGGCCATGAGGTCATGGGCGAAAGCCATGTAGCGGGCCTCTAGTCCGGGCAGCCAGGGGGGCTGCGCCTCCACGGACAGGT
22,50626878,C,G,Pathogenic,1,CTTACGTGAGAGGCATAGTACAGGAAGAAGGGGCGATCCTGGCGCTGGGCGTCGGCCATGAGGTCATGGGCGAAAGCCATGTAGCGGGCCTCTAGTCCGGG
22,50626708,C,T,Pathogenic,1,GGTCCCCACAGCTGCATCCAGCTCCATCAGGGAGTCCCCAAATGGCCCGCGGCCTGAACGCTCTGCAAAGCTCTGCCCACTGAACTGAGGGTAGTGGGTGT
22,50626699,A,G,Pathogenic,1,TGTCATCAGGGTCCCCACAGCTGCATCCAGCTCCATCAGGGAGTCCCCAAATGGCCCGCGGCCTGAACGCTCTGCAAAGCTCTGCCCACTGAACTGAGGGT
22,50626690,G,T,Pathogenic,1,CCCTATGGCTGTCATCAGGGTCCCCACAGCTGCATCCAGCTCCATCAGGGAGTCCCCAAATGGCCCGCGGCCTGAACGCTCTGCAAAGCTCTGCCCACTGA
22,50626211,A,G,Pathogenic,1,ATATGACCTGGCCAGAAGGCCAAGGCAGGCTCTCGGACACCGCCCTCGTAGGTCGTTCCCTTTCCACACCGCAAGAGACCGGAGCAGCCGCCTCGGGACAT
22,50626208,C,T,Pathogenic,1,GCGATATGACCTGGCCAGAAGGCCAAGGCAGGCTCTCGGACACCGCCCTCGTAGGTCGTTCCCTTTCCACACCGCAAGAGACCGGAGCAGCCGCCTCGGGA
22,50626204,C,T,Pathogenic,1,GGGAGCGATATGACCTGGCCAGAAGGCCAAGGCAGGCTCTCGGACACCGCCCTCGTAGGTCGTTCCCTTTCCACACCGCAAGAGACCGGAGCAGCCGCCTC
22,50626204,C,A,Pathogenic,1,GGGAGCGATATGACCTGGCCAGAAGGCCAAGGCAGGCTCTCGGACACCGCCCTCGTAGGTCGTTCCCTTTCCACACCGCAAGAGACCGGAGCAGCCGCCTC
22,39627650,G,A,Pathogenic,1,CTTCTTGGAAGGGCCTTGGGGGGCATTTGTTGGACAGTTCTGAGAGATGCACCTTGAAATAGTTGGCGTGGAAGTGTCGGCATTTTCGCCTGAAGCATGTG
22,39231645,G,A,Pathogenic,1,CTCGGGGGGCCGCGGAGCCTACGCACCTGGACAGGTCGCAGCTGCACCTGGGTGGGGCGGCACTGCACGTTGCGGTTGTTGCAGCAGCCGGAGCAGCGCTG
22,39627727,A,G,Pathogenic,1,CGGCATTTTCGCCTGAAGCATGTGTTTACTCTCGGCTTGGGGAGAGCAGAAGGAAAGCTACTGGGCTGTCAGCCCCCACCAGGCCACACCTTGGACTTCAG
22,39231722,A,G,Pathogenic,1,GTTGCAGCAGCCGGAGCAGCGCTGCACCTCCACACAGGGCGGCCACACCAGGAAGTTGGCGTTGGTGCGGTCTATGAGGCGCCGGGAGATCTCGAACACCT
22,39621728,C,G,Pathogenic,1,CGCTGGGGGTCCTCAGTGCTACTGTGAGGGTCTTGGGGAAGGGTTTGGGAGGCGAGGTAGGGCAAGTGAGTAGTGGGAACCAAAGCTGTGCGGGAGGGGGA
22,39225723,C,G,Pathogenic,1,GTTGCCCCGCCTGGCCCTCACCTGCCCACACACTCTCCTGCCGATGCCCCTAGGCTCCAAGGGTCTCCTTCAGTGCCGTCTTGTCATGCGTGTGCTTGAAT
22,39627638,G,A,Pathogenic,1,GCCTCAGGATTCCTTCTTGGAAGGGCCTTGGGGGGCATTTGTTGGACAGTTCTGAGAGATGCACCTTGAAATAGTTGGCGTGGAAGTGTCGGCATTTTCGC
22,39231633,G,A,Pathogenic,1,ACCGGGACCAGCCTCGGGGGGCCGCGGAGCCTACGCACCTGGACAGGTCGCAGCTGCACCTGGGTGGGGCGGCACTGCACGTTGCGGTTGTTGCAGCAGCC
22,39639966,C,T,Pathogenic,1,CCTTTTTAAAGCTTGTCTTGACTATTTTCCCATCCAAATAAATCCTAGAACCATCTGGGCAGGCTCCACGGCCAAAATGTTGGGATTTTTGATTAGGATTG
22,39243961,C,T,Pathogenic,1,CCAGACGCAGGTAGCAGCAGAGAGACAGGAAGAGCGCCCAGCAGCGATTCATGCCGACTCCGGGCCCGGCCCCGCGGGGCCCCGGACGCGTAGATCGAGCG
22,38120303,C,A,Benign,0,TTAAAGGTAAGACTGAAGCCCTCTGATTATAACCTAGTAGTCCGATCCTGGGAGCGAGTGCTGTCTGAAATGTGAGAAAATGTTTAGCCGTGTCATTTGAA
22,37724296,C,A,Benign,0,CCTCCTCTCCCAATAGAGCCACACGAGACAACCCCAGAACATCCTGTGCCCAGCGGGACAATCCCAGAGCCTCCTCTCCCAATAGAGCTACACGAGACAAC
22,50625683,T,C,Pathogenic,1,GACCTCGTCTGGGTAGGACGGGTAGAAGAAGAGAGACTGCCGAGGGCTCTGGGGGCAGAGTCAGGGGTCACGGGGCGGGGCAGGCCCCAAGCACTGCACAT
22,50625640,G,A,Benign,0,AGTGAGCCTTGTACTTTCCAGTCCGCACAGCAAAAACCCCACGGACCTCGTCTGGGTAGGACGGGTAGAAGAAGAGAGACTGCCGAGGGCTCTGGGGGCAG
22,50625559,G,C,Benign,0,GGGCCAGGGATCTAGGGCTCCGGGGAGGGGTCAGCAGGTCGGGGGGAGGGATCCACGGGGAGGGGTTACCCTGGGTGAAGAAGTGAGCCTTGTACTTTCCA
22,50627172,G,A,Benign,0,TTTGGGAGGTGGGAGGGTGGCTGAGGGCCCGGGTGGTTCCTACCTGGTCGTGGGAGTACGGGATGCCTAGAAATCGATGGAAGCCCTGATGGGGGGGCAGG
22,50626933,C,A,Benign,0,CCATGAGGTCATGGGCGAAAGCCATGTAGCGGGCCTCTAGTCCGGGCAGCCAGGGGGGCTGCGCCTCCACGGACAGGTTGGCCAACAGTGGGATGGGGACC
22,50626057,G,A,Pathogenic,1,CAGGGCTGCCAGGGTAGGCAGCAGGTCCAGGGAGCTGGCCAGCTCGTGGGTCACGCCTGGGGGCAGGAGGCTGGTCAGTCACTCAGTTCGCCATCAAGGTT
22,41537234,G,T,Benign,0,AGCACTCCCCACGTGCGGGGCGCTAGACCACAGCTTCACTCAGACTTGCTCGTTGACTCCTCACAGATATTTGATGAAGGAGGAAGGCTCTATTACTGTTA
22,41141230,G,T,Benign,0,CAGGGCCTAACATGGGACAGCCGCAACCAGGAATGACTTCTAGTAAGTGGTTTTTGTTATATTTCTGTTTGAGAGAAATTGATAATAAAATAGTTTCTATC
22,41542838,T,A,Benign,0,GGTCAGAAGTTTGAGACCAGCCTGGCCAACATGGTGAAACCCCGTCTCTACTAAAAGTACAAAAATTAGCCAGGTGTGGTGGCAGGTGCCTGTAATCCCAG
22,41146834,T,A,Benign,0,CCAGATGATGCCTCGAATAACTCCACAATCTGGTAAATAGTGAAAAAAATTTTTTTATTTTAAAAGAATCCCCGGTGTACTGCAAGATAATACTTGCTACC
22,41548008,A,G,Benign,0,ACCAGCCAGGTATTTCTTTTTTCTTTCTTTTTTTTTTTGTGCGTGTCACCCAGGTTGGAGTGCAGAGGTGCCATCTCAGCTCACCGCAACCTCCGCCTCCT
22,41152004,A,G,Benign,0,CAAAATGGAAGTGGATCAACCAGAACCAGCAGATACTCAGCCGGAGGATATTTCAGAGGTGAGAGTAGGGCAATTACTGTTTGATTTGGTTAGGACCTCAG
22,41551039,T,A,Benign,0,TGGTGTAATGGGATGTTACCATTTGTGTAAAAAAGGGAGAAAAATAATTATCTAATATTATTTTATGCAGAAAATAGCTCTGAAGGGTTCATAAGAAGTGG
22,41155035,T,A,Benign,0,TTTTTTAAGTTTTCAAACCAGAAGAACTACGACAGGCACTGATGCCAACTTTGGAGGCACTTTACCGTCAGGATCCAGAATCCCTTCCCTTTCGTCAACCT
22,41564708,C,A,Benign,0,TCAGTTTGATTTCATTTACATATGTGTTTTTGAAAACCTCGGAGGAGAATTGGCCTGACCTTCATTAGTCATCTGGACCAACGATGATTCACGTAGCTGAA
22,41168704,C,A,Benign,0,GTTACTATTGGTGATTCCAGTCTGAATGAGTTATGTTGTGGTTCCCCCACCATCTCAATTGTATAGGTTTGTGGACAGTGGAGAGATGGCAGAATCCTTTC
22,41566595,C,T,Benign,0,ACTTGAACCTGGGAGGCAGAGGTTGCAGTGAGCCGAGATCACGCCACTGCACTCCAGCCTGAGGGACAGAGTGAGACTCTGTCTCAAAAAAAAAAAAAAAA
22,41170591,C,T,Benign,0,GTATCAGAGCGTATTGTCCATGACTACAAGGTCAGTTGGGACATAGGGGCCAGGTGCTGACAATAGATCTGGAAATGCACTAATGTTGCTGCTCTTTGTTC
22,41569609,C,T,Benign,0,GCATAATGTGTGCAGGGTTCATCTAGGGTGTAGCGTGAATCAGTATTTCTTCTTTTCTTTTTCTTATGGCCAAGTGCTAGTCTACCATGTGTCTAGACCAT
22,41173605,C,T,Benign,0,TTCTGTGCTATTCCCAAATTACTTAACAAAAACCTTATTTTCTTGTCTCCTTTGTGCTACTCTGCAGGTGACCAAGGGAGACAGCAAAAATGCTAAAAAGA
22,41574383,A,C,Benign,0,CGGCTCAGTGCAACCTCCACTTCCTGGGTTCAAGCGATTCTCCCACCTCAGCCTCCCAAGTAGCTGGAATTACAGGTGCCAGCCACCATGCCTGGCTAATT
22,41178379,A,C,Benign,0,AACCATAACCAGTTCCAGCAACCCCAAGGAGTTGGCTACCCACCACAGCAGCAGCAGCGGATGCAGCATCACATGCAACAGATGCAACAAGGAAATATGGG
22,33777934,G,A,Pathogenic,1,TCCTTGTTAACACATTGCAGATTCAGTCACACAGGGTAACACTATGCTGAGGAGTGGGGCCTGTAGCTGCAGGGGATAAACCATGACTGGTCTCATGCTTT
22,33381948,G,A,Pathogenic,1,TGTCCCTGTGTTGACCCTACCTTTAGATCAGACACGTCTCTGTAGCACTGCTCGGAGCGGGTGTGGTCTGACAGCTGCACATTCCAGAAGCAGGGGAGCTG
22,33679238,T,C,Benign,0,CAGATATTCAATCAATGAACAATGAATGTATAAATCAATCACCTATGTGCCAGACACTTTGCTCCTTACAGAGCGTTATGGATTTAATTGTGTCCCACCCC
22,33283252,T,C,Benign,0,TGAATGTGAAGAGGGTCCCCATGTCCAGCATTGACAGCAACTCCGCTTTTGACTTGGGGAAGGACAGCCGGTAGCGCAGTGTCTCGAACGCGGGGACAATC
22,34022284,G,A,Benign,0,TGAAAGTGTAAATTCTAGGGTCACTTTGTGCCCATCTAGTGGAACCAGTAGATTTCCAGCTGGCTGTGTGTATGCATGCATTTAGATGCTCTGAGCATGTG
22,33626300,G,A,Benign,0,ACAGGACGGATTTGACCAGGGTGACGACATCCCGGCTGGCATTGTATCCGGCGCAGACAATAGCAACGTGGATTGTCTGGGAAGAAAAGAAGACGGGGTGA
22,34000460,G,A,Benign,0,AATCCACAACTATAATTGGAGAGTTCAGCACTCCTCTCTCAGTAATTGAAAGAACAAGCAGACAGAAAATCAGTAAGGATTTAGAGACCTGAACAACATAT
22,33604474,G,A,Benign,0,CTGCCCATACCTTGAGCTCGTCTGCATTGTAGAAGTCCACACGCACAGCGGGCACCATCCAGGTCTGGAAGAGCGTGGCCAGGATCTGCTCCGCAATGGAG
22,50297888,T,C,Benign,0,TTATGGCGCCCACCTCAGAGGGCTGCCTTGAGGTTGAGTGGGTGTGGAAATCTTTACAGCTGTGCCCACTCAGAGAACGCTGCCTCACGACATTCCCACGT
22,49904240,T,C,Benign,0,TTGACTTGGAGAAACCGAGACACACCTGTCTGGGCGGCTGCCACGTCAATGTGCAGAAGGACGTCTAGGAAAACCAGGCCTGCCGTCAGAGCCCAGCCCTG
22,50307184,G,T,Benign,0,GCGGGGACGGCCCCCGGGAGCTCGGGCAAATCCAGGCTCCTGTGCCGCTGAGCCTGGGGCCGGCCCGGAGCGCCCGCACCGCGAGACCATCTCCGCTCGGC
22,49913536,G,T,Benign,0,GGACGACTCCGGGGAACTCAAGATGGTCGTACTGCGAGGAGAAGGGCAGGTCAGTGCACCGGGGCCCTGCCAGCTGGTAACATGAGGTTTTCCCCAAAGAC
22,50303530,T,C,Benign,0,GGGAAGAGAGCCGCAGCCCTACACAAGGCTCGTGGGCAGGAACCGTCCCAGCCACAGGAGCAGACGCCCTTGCCTGGCCCCTCAGGGGGCCGTGTTCACAC
22,49909882,T,C,Benign,0,ACCTTTGTAAAACAAGGCAAAACAAAATCCAGTTAGAAGCATCCCACAGTGACTGACTTACCTAAACAGAGGATCCCTGCCGGGACGGCGTGGCGAAGGGC
22,50303533,C,G,Benign,0,AAGAGAGCCGCAGCCCTACACAAGGCTCGTGGGCAGGAACCGTCCCAGCCACAGGAGCAGACGCCCTTGCCTGGCCCCTCAGGGGGCCGTGTTCACACAGG
22,49909885,C,G,Benign,0,TTTGTAAAACAAGGCAAAACAAAATCCAGTTAGAAGCATCCCACAGTGACTGACTTACCTAAACAGAGGATCCCTGCCGGGACGGCGTGGCGAAGGGCTCT
22,50301476,T,C,Benign,0,TACAGCAGGAACCACCAACTCATCAGGACAGGACATGCGGTCAGACAGCAGGCGGCCACGGAGGGACTCTCGTGGGATTCTGGGGCTCAGTCACTTGGAGT
22,49907828,T,C,Benign,0,AGCGTAGCTCCTTGTGTGGCAGGAGGGAGTAGAGTGCCATGAAGCCCAGTGCCAGCACCGTCGGCGCGTGCGTCCTTCTGTCTACCAAGCCCAGGGGGATG
22,24891292,C,G,Benign,0,CTAGCTACTCAGGAGGCTGAGACGGGAGGATTGCTTGAGCCCAAGAGTTGGAGGCTGCAGCGAGCTATGATTGTGCCACTGCATTTCAGCCTGGGTGACAA
22,24495324,C,G,Benign,0,CTTGAGCTGTCTGGGAGCGAGAGTAAGAGATAAAGGCAAGGGCGCCTGACCGGGCCTGGGCACCTCCTCCCACTGCGGGCAAAGGGCAGGCAGTTCGTGCG
22,24891355,A,T,Benign,0,GCTATGATTGTGCCACTGCATTTCAGCCTGGGTGACAAAGTAAGACCCTGTCTAAAAAAATATAAAGGATGGAGGGGAGATGACAAAGTATCGAGAAGTGT
22,24495387,A,T,Benign,0,CTCCTCCCACTGCGGGCAAAGGGCAGGCAGTTCGTGCGCGGACACAAGCACTGGCGGACCGTGGCCATGGCGGGCGCTGAGTGGAAGTCGCTGGAGGAATG
22,24911249,C,T,Benign,0,GCACTCCAGCCTGGGTGGCAGAATGAGACCCTGTCTCAAAAATTAATTAAATAAATAAATACATAATAAATGGGGAGCATAATTCCCCACTTTTTTTTTTT
22,24515281,C,T,Benign,0,ACCCCGTGTTCCAGACGCAGTTCGGAAGGATCGCGGTGAACATTTGCTACGGGCGGCACCACCCCCTCAACTGGCTTATGTACAGCATCAACGGGGCTGAG
22,24916409,C,T,Benign,0,GTTTATCCTGTATGTATGATGCATTGTAGCATGTATCAAAACTTAGTTCGAGGCCAGGCACGGTGGCTCACTCCTGTAATCCCAGCACTTTGGGAGGCCAA
22,24520441,C,T,Benign,0,CCCTGTGGCCCATCGAGGCCAGAAACGCAGCCATTGCCAATCACTGCTTCACCTGCGCCATCAATCGAGTGGGCACCGTAAGTCCCGAGGTCTGGCTGGGG
22,24919646,C,A,Benign,0,CTGGCTTACACAGCCCATCCTACAGATGGGGAAAACTGAGGTTTCTGGTGGTCAAATGACAGAGCCCAGGTCTCCTGCCTTCTGACCTGAGTTCTATCCAC
22,24523678,C,A,Benign,0,CTTTGGCTACTTTTATGGCTCGAGCTATGTGGCAGCCCCTGACAGCAGCCGGACTCCTGGGCTGTCCCGTAGCCGGGATGGACTGCTAGTTGCTAAGCTCG
